Source Line,Source,CPU_CLK_UNHALTED.THREAD_ANY,CPU_CLK_UNHALTED.REF_TSC,CYCLE_ACTIVITY.STALLS_L1D_PENDING,CYCLE_ACTIVITY.CYCLES_NO_EXECUTE,CYCLE_ACTIVITY.STALLS_L2_PENDING,L2_RQSTS.MISS,MISALIGN_MEM_REF.LOADS,MISALIGN_MEM_REF.STORES,CYCLE_ACTIVITY.STALLS_LDM_PENDING,MEM_LOAD_UOPS_L3_MISS_RETIRED.LOCAL_DRAM_PS,MEM_LOAD_UOPS_RETIRED.L1_HIT_PS,MEM_LOAD_UOPS_RETIRED.L1_MISS_PS,RESOURCE_STALLS.SB,RS_EVENTS.EMPTY_CYCLES,UOPS_RETIRED.ALL,UOPS_RETIRED.RETIRE_SLOTS,MEM_LOAD_UOPS_RETIRED.L2_HIT_PS,MEM_LOAD_UOPS_RETIRED.L2_MISS_PS,MEM_LOAD_UOPS_RETIRED.L3_HIT,MEM_LOAD_UOPS_RETIRED.L3_HIT_PS,MEM_LOAD_UOPS_RETIRED.L3_MISS,MEM_LOAD_UOPS_RETIRED.L3_MISS_PS,MEM_UOPS_RETIRED.ALL_LOADS_PS,MEM_UOPS_RETIRED.ALL_STORES,MEM_UOPS_RETIRED.ALL_STORES_PS,Total_Latency_MEM_LOAD_UOPS_RETIRED.L2_HIT_PS,Total_Latency_MEM_UOPS_RETIRED.ALL_LOADS_PS,Total_Latency_MEM_LOAD_UOPS_RETIRED.L3_HIT_PS,Total_Latency_MEM_LOAD_UOPS_RETIRED.L2_MISS_PS,Total_Latency_MEM_LOAD_UOPS_RETIRED.L1_HIT_PS,Total_Latency_MEM_LOAD_UOPS_RETIRED.L1_MISS_PS,Total_Latency_MEM_LOAD_UOPS_L3_MISS_RETIRED.LOCAL_DRAM_PS,Total_Latency_MEM_LOAD_UOPS_RETIRED.L3_MISS_PS,CPU_CLK_UNHALTED.THREAD_ANY,CPU_CLK_UNHALTED.REF_TSC,CYCLE_ACTIVITY.STALLS_L1D_PENDING,OFFCORE_RESPONSE:request=ALL_DATA_RD:response=L3_MISS.ANY_DRAM,CYCLE_ACTIVITY.CYCLES_NO_EXECUTE,CYCLE_ACTIVITY.STALLS_L2_PENDING,AVX_INSTS.ALL,L2_RQSTS.MISS,MISALIGN_MEM_REF.LOADS,MISALIGN_MEM_REF.STORES,CYCLE_ACTIVITY.STALLS_LDM_PENDING,MEM_LOAD_UOPS_L3_MISS_RETIRED.LOCAL_DRAM_PS,MEM_LOAD_UOPS_RETIRED.L1_HIT_PS,MEM_LOAD_UOPS_RETIRED.L1_MISS_PS,RESOURCE_STALLS.SB,RS_EVENTS.EMPTY_CYCLES,UOPS_RETIRED.ALL,UOPS_RETIRED.RETIRE_SLOTS,MEM_LOAD_UOPS_RETIRED.L2_HIT_PS,MEM_LOAD_UOPS_RETIRED.L2_MISS_PS,MEM_LOAD_UOPS_RETIRED.L3_HIT,MEM_LOAD_UOPS_RETIRED.L3_HIT_PS,MEM_LOAD_UOPS_RETIRED.L3_MISS,MEM_LOAD_UOPS_RETIRED.L3_MISS_PS,MEM_UOPS_RETIRED.ALL_LOADS_PS,MEM_UOPS_RETIRED.ALL_STORES,MEM_UOPS_RETIRED.ALL_STORES_PS,Total_Latency_MEM_LOAD_UOPS_RETIRED.L2_HIT_PS,Total_Latency_MEM_UOPS_RETIRED.ALL_LOADS_PS,Total_Latency_MEM_LOAD_UOPS_RETIRED.L3_HIT_PS,Total_Latency_MEM_LOAD_UOPS_RETIRED.L2_MISS_PS,Total_Latency_MEM_LOAD_UOPS_RETIRED.L1_HIT_PS,Total_Latency_MEM_LOAD_UOPS_RETIRED.L1_MISS_PS,Total_Latency_MEM_LOAD_UOPS_L3_MISS_RETIRED.LOCAL_DRAM_PS,Total_Latency_MEM_LOAD_UOPS_RETIRED.L3_MISS_PS
1,!Crown Copyright 2012 AWE.,,,,,,,,,,,,,,,,,,,,,,,,,,,,,,,,,,,,,,,,,,,,,,,,,,,,,,,,,,,,,,,,,,,,
2,!,,,,,,,,,,,,,,,,,,,,,,,,,,,,,,,,,,,,,,,,,,,,,,,,,,,,,,,,,,,,,,,,,,,,
3,! This file is part of CloverLeaf.,,,,,,,,,,,,,,,,,,,,,,,,,,,,,,,,,,,,,,,,,,,,,,,,,,,,,,,,,,,,,,,,,,,,
4,!,,,,,,,,,,,,,,,,,,,,,,,,,,,,,,,,,,,,,,,,,,,,,,,,,,,,,,,,,,,,,,,,,,,,
5,! CloverLeaf is free software: you can redistribute it and/or modify it under ,,,,,,,,,,,,,,,,,,,,,,,,,,,,,,,,,,,,,,,,,,,,,,,,,,,,,,,,,,,,,,,,,,,,
6,! the terms of the GNU General Public License as published by the ,,,,,,,,,,,,,,,,,,,,,,,,,,,,,,,,,,,,,,,,,,,,,,,,,,,,,,,,,,,,,,,,,,,,
7,"! Free Software Foundation, either version 3 of the License, or (at your option) ",,,,,,,,,,,,,,,,,,,,,,,,,,,,,,,,,,,,,,,,,,,,,,,,,,,,,,,,,,,,,,,,,,,,
8,! any later version.,,,,,,,,,,,,,,,,,,,,,,,,,,,,,,,,,,,,,,,,,,,,,,,,,,,,,,,,,,,,,,,,,,,,
9,!,,,,,,,,,,,,,,,,,,,,,,,,,,,,,,,,,,,,,,,,,,,,,,,,,,,,,,,,,,,,,,,,,,,,
10,"! CloverLeaf is distributed in the hope that it will be useful, but ",,,,,,,,,,,,,,,,,,,,,,,,,,,,,,,,,,,,,,,,,,,,,,,,,,,,,,,,,,,,,,,,,,,,
11,! WITHOUT ANY WARRANTY; without even the implied warranty of MERCHANTABILITY or ,,,,,,,,,,,,,,,,,,,,,,,,,,,,,,,,,,,,,,,,,,,,,,,,,,,,,,,,,,,,,,,,,,,,
12,! FITNESS FOR A PARTICULAR PURPOSE. See the GNU General Public License for more ,,,,,,,,,,,,,,,,,,,,,,,,,,,,,,,,,,,,,,,,,,,,,,,,,,,,,,,,,,,,,,,,,,,,
13,! details.,,,,,,,,,,,,,,,,,,,,,,,,,,,,,,,,,,,,,,,,,,,,,,,,,,,,,,,,,,,,,,,,,,,,
14,!,,,,,,,,,,,,,,,,,,,,,,,,,,,,,,,,,,,,,,,,,,,,,,,,,,,,,,,,,,,,,,,,,,,,
15,! You should have received a copy of the GNU General Public License along with ,,,,,,,,,,,,,,,,,,,,,,,,,,,,,,,,,,,,,,,,,,,,,,,,,,,,,,,,,,,,,,,,,,,,
16,"! CloverLeaf. If not, see http://www.gnu.org/licenses/.",,,,,,,,,,,,,,,,,,,,,,,,,,,,,,,,,,,,,,,,,,,,,,,,,,,,,,,,,,,,,,,,,,,,
17,,,,,,,,,,,,,,,,,,,,,,,,,,,,,,,,,,,,,,,,,,,,,,,,,,,,,,,,,,,,,,,,,,,,,
18,!>  @brief Fortran momentum advection kernel,,,,,,,,,,,,,,,,,,,,,,,,,,,,,,,,,,,,,,,,,,,,,,,,,,,,,,,,,,,,,,,,,,,,
19,!>  @author Wayne Gaudin,,,,,,,,,,,,,,,,,,,,,,,,,,,,,,,,,,,,,,,,,,,,,,,,,,,,,,,,,,,,,,,,,,,,
20,!>  @details Performs a second order advective remap on the vertex momentum,,,,,,,,,,,,,,,,,,,,,,,,,,,,,,,,,,,,,,,,,,,,,,,,,,,,,,,,,,,,,,,,,,,,
21,!>  using van-Leer limiting and directional splitting.,,,,,,,,,,,,,,,,,,,,,,,,,,,,,,,,,,,,,,,,,,,,,,,,,,,,,,,,,,,,,,,,,,,,
22,"!>  Note that although pre_vol is only set and not used in the update, please",,,,,,,,,,,,,,,,,,,,,,,,,,,,,,,,,,,,,,,,,,,,,,,,,,,,,,,,,,,,,,,,,,,,
23,!>  leave it in the method.,,,,,,,,,,,,,,,,,,,,,,,,,,,,,,,,,,,,,,,,,,,,,,,,,,,,,,,,,,,,,,,,,,,,
24,,,,,,,,,,,,,,,,,,,,,,,,,,,,,,,,,,,,,,,,,,,,,,,,,,,,,,,,,,,,,,,,,,,,,
25,MODULE advec_mom_kernel_mod,,,,,,,,,,,,,,,,,,,,,,,,,,,,,,,,,,,,,,,,,,,,,,,,,,,,,,,,,,,,,,,,,,,,
26,,,,,,,,,,,,,,,,,,,,,,,,,,,,,,,,,,,,,,,,,,,,,,,,,,,,,,,,,,,,,,,,,,,,,
27,CONTAINS,,,,,,,,,,,,,,,,,,,,,,,,,,,,,,,,,,,,,,,,,,,,,,,,,,,,,,,,,,,,,,,,,,,,
28,,,,,,,,,,,,,,,,,,,,,,,,,,,,,,,,,,,,,,,,,,,,,,,,,,,,,,,,,,,,,,,,,,,,,
29,"SUBROUTINE advec_mom_kernel(x_min,x_max,y_min,y_max,z_min,z_max, &",,,,,,,,,,,,,,,,,,,,,,,,,,,,,,,,,,,,,,,,,,,,,,,,,,,,,,,,,,,,,,,,,,,,
30,"                            vel1,                                &",,,,,,,,,,,,,,,,,,,,,,,,,,,,,,,,,,,,,,,,,,,,,,,,,,,,,,,,,,,,,,,,,,,,
31,"                            mass_flux_x,                         &",,,,,,,,,,,,,,,,,,,,,,,,,,,,,,,,,,,,,,,,,,,,,,,,,,,,,,,,,,,,,,,,,,,,
32,"                            vol_flux_x,                          &",,,,,,,,,,,,,,,,,,,,,,,,,,,,,,,,,,,,,,,,,,,,,,,,,,,,,,,,,,,,,,,,,,,,
33,"                            mass_flux_y,                         &",,,,,,,,,,,,,,,,,,,,,,,,,,,,,,,,,,,,,,,,,,,,,,,,,,,,,,,,,,,,,,,,,,,,
34,"                            vol_flux_y,                          &",,,,,,,,,,,,,,,,,,,,,,,,,,,,,,,,,,,,,,,,,,,,,,,,,,,,,,,,,,,,,,,,,,,,
35,"                            mass_flux_z,                         &",,,,,,,,,,,,,,,,,,,,,,,,,,,,,,,,,,,,,,,,,,,,,,,,,,,,,,,,,,,,,,,,,,,,
36,"                            vol_flux_z,                          &",,,,,,,,,,,,,,,,,,,,,,,,,,,,,,,,,,,,,,,,,,,,,,,,,,,,,,,,,,,,,,,,,,,,
37,"                            volume,                              &",,,,,,,,,,,,,,,,,,,,,,,,,,,,,,,,,,,,,,,,,,,,,,,,,,,,,,,,,,,,,,,,,,,,
38,"                            density1,                            &",,,,,,,,,,,,,,,,,,,,,,,,,,,,,,,,,,,,,,,,,,,,,,,,,,,,,,,,,,,,,,,,,,,,
39,"                            node_flux,                           &",,,,,,,,,,,,,,,,,,,,,,,,,,,,,,,,,,,,,,,,,,,,,,,,,,,,,,,,,,,,,,,,,,,,
40,"                            node_mass_post,                      &",,,,,,,,,,,,,,,,,,,,,,,,,,,,,,,,,,,,,,,,,,,,,,,,,,,,,,,,,,,,,,,,,,,,
41,"                            node_mass_pre,                       &",,,,,,,,,,,,,,,,,,,,,,,,,,,,,,,,,,,,,,,,,,,,,,,,,,,,,,,,,,,,,,,,,,,,
42,"                            advec_vel,                           &",,,,,,,,,,,,,,,,,,,,,,,,,,,,,,,,,,,,,,,,,,,,,,,,,,,,,,,,,,,,,,,,,,,,
43,"                            mom_flux,                            &",,,,,,,,,,,,,,,,,,,,,,,,,,,,,,,,,,,,,,,,,,,,,,,,,,,,,,,,,,,,,,,,,,,,
44,"                            pre_vol,                             &",,,,,,,,,,,,,,,,,,,,,,,,,,,,,,,,,,,,,,,,,,,,,,,,,,,,,,,,,,,,,,,,,,,,
45,"                            post_vol,                            &",,,,,,,,,,,,,,,,,,,,,,,,,,,,,,,,,,,,,,,,,,,,,,,,,,,,,,,,,,,,,,,,,,,,
46,"                            celldx,                              &",,,,,,,,,,,,,,,,,,,,,,,,,,,,,,,,,,,,,,,,,,,,,,,,,,,,,,,,,,,,,,,,,,,,
47,"                            celldy,                              &",,,,,,,,,,,,,,,,,,,,,,,,,,,,,,,,,,,,,,,,,,,,,,,,,,,,,,,,,,,,,,,,,,,,
48,"                            celldz,                              &",,,,,,,,,,,,,,,,,,,,,,,,,,,,,,,,,,,,,,,,,,,,,,,,,,,,,,,,,,,,,,,,,,,,
49,"                            advect_x,                            &",,,,,,,,,,,,,,,,,,,,,,,,,,,,,,,,,,,,,,,,,,,,,,,,,,,,,,,,,,,,,,,,,,,,
50,"                            which_vel,                           &",,,,,,,,,,,,,,,,,,,,,,,,,,,,,,,,,,,,,,,,,,,,,,,,,,,,,,,,,,,,,,,,,,,,
51,"                            sweep_number,                        &",,,,,,,,,,,,,,,,,,,,,,,,,,,,,,,,,,,,,,,,,,,,,,,,,,,,,,,,,,,,,,,,,,,,
52,                            direction                            ),,,,,,,,,,,,,,,,,,,,,,,,,,,,,,,,,,,,,,,,,,,,,,,,,,,,,,,,,,,,,,,,,,,,
53,,,,,,,,,,,,,,,,,,,,,,,,,,,,,,,,,,,,,,,,,,,,,,,,,,,,,,,,,,,,,,,,,,,,,
54,  IMPLICIT NONE,,,,,,,,,,,,,,,,,,,,,,,,,,,,,,,,,,,,,,,,,,,,,,,,,,,,,,,,,,,,,,,,,,,,
55,  ,,,,,,,,,,,,,,,,,,,,,,,,,,,,,,,,,,,,,,,,,,,,,,,,,,,,,,,,,,,,,,,,,,,,
56,"  INTEGER :: x_min,x_max,y_min,y_max,z_min,z_max",,,,,,,,,,,,,,,,,,,,,,,,,,,,,,,,,,,,,,,,,,,,,,,,,,,,,,,,,,,,,,,,,,,,
57,"  INTEGER :: which_vel,sweep_number,direction",,,,,,,,,,,,,,,,,,,,,,,,,,,,,,,,,,,,,,,,,,,,,,,,,,,,,,,,,,,,,,,,,,,,
58,  LOGICAL :: advect_x,,,,,,,,,,,,,,,,,,,,,,,,,,,,,,,,,,,,,,,,,,,,,,,,,,,,,,,,,,,,,,,,,,,,
59,,,,,,,,,,,,,,,,,,,,,,,,,,,,,,,,,,,,,,,,,,,,,,,,,,,,,,,,,,,,,,,,,,,,,
60,"  REAL(KIND=8), TARGET,DIMENSION(x_min-2:x_max+3,y_min-2:y_max+3,z_min-2:z_max+3) :: vel1",,,,,,,,,,,,,,,,,,,,,,,,,,,,,,,,,,,,,,,,,,,,,,,,,,,,,,,,,,,,,,,,,,,,
61,"  REAL(KIND=8), DIMENSION(x_min-2:x_max+3,y_min-2:y_max+2,z_min-2:z_max+2) :: mass_flux_x",,,,,,,,,,,,,,,,,,,,,,,,,,,,,,,,,,,,,,,,,,,,,,,,,,,,,,,,,,,,,,,,,,,,
62,"  REAL(KIND=8), DIMENSION(x_min-2:x_max+3,y_min-2:y_max+2,z_min-2:z_max+2) :: vol_flux_x",,,,,,,,,,,,,,,,,,,,,,,,,,,,,,,,,,,,,,,,,,,,,,,,,,,,,,,,,,,,,,,,,,,,
63,"  REAL(KIND=8), DIMENSION(x_min-2:x_max+2,y_min-2:y_max+3,z_min-2:z_max+2) :: mass_flux_y",,,,,,,,,,,,,,,,,,,,,,,,,,,,,,,,,,,,,,,,,,,,,,,,,,,,,,,,,,,,,,,,,,,,
64,"  REAL(KIND=8), DIMENSION(x_min-2:x_max+2,y_min-2:y_max+3,z_min-2:z_max+2) :: vol_flux_y",,,,,,,,,,,,,,,,,,,,,,,,,,,,,,,,,,,,,,,,,,,,,,,,,,,,,,,,,,,,,,,,,,,,
65,"  REAL(KIND=8), DIMENSION(x_min-2:x_max+2,y_min-2:y_max+2,z_min-2:z_max+3) :: mass_flux_z",,,,,,,,,,,,,,,,,,,,,,,,,,,,,,,,,,,,,,,,,,,,,,,,,,,,,,,,,,,,,,,,,,,,
66,"  REAL(KIND=8), DIMENSION(x_min-2:x_max+2,y_min-2:y_max+2,z_min-2:z_max+3) :: vol_flux_z",,,,,,,,,,,,,,,,,,,,,,,,,,,,,,,,,,,,,,,,,,,,,,,,,,,,,,,,,,,,,,,,,,,,
67,"  REAL(KIND=8), DIMENSION(x_min-2:x_max+2,y_min-2:y_max+2,z_min-2:z_max+2) :: volume",,,,,,,,,,,,,,,,,,,,,,,,,,,,,,,,,,,,,,,,,,,,,,,,,,,,,,,,,,,,,,,,,,,,
68,"  REAL(KIND=8), DIMENSION(x_min-2:x_max+2,y_min-2:y_max+2,z_min-2:z_max+2) :: density1",,,,,,,,,,,,,,,,,,,,,,,,,,,,,,,,,,,,,,,,,,,,,,,,,,,,,,,,,,,,,,,,,,,,
69,"  REAL(KIND=8), DIMENSION(x_min-2:x_max+3,y_min-2:y_max+3,z_min-2:z_max+3) :: node_flux",,,,,,,,,,,,,,,,,,,,,,,,,,,,,,,,,,,,,,,,,,,,,,,,,,,,,,,,,,,,,,,,,,,,
70,"  REAL(KIND=8), DIMENSION(x_min-2:x_max+3,y_min-2:y_max+3,z_min-2:z_max+3) :: node_mass_post",,,,,,,,,,,,,,,,,,,,,,,,,,,,,,,,,,,,,,,,,,,,,,,,,,,,,,,,,,,,,,,,,,,,
71,"  REAL(KIND=8), DIMENSION(x_min-2:x_max+3,y_min-2:y_max+3,z_min-2:z_max+3) :: node_mass_pre",,,,,,,,,,,,,,,,,,,,,,,,,,,,,,,,,,,,,,,,,,,,,,,,,,,,,,,,,,,,,,,,,,,,
72,"  REAL(KIND=8), DIMENSION(x_min-2:x_max+3,y_min-2:y_max+3,z_min-2:z_max+3) :: advec_vel",,,,,,,,,,,,,,,,,,,,,,,,,,,,,,,,,,,,,,,,,,,,,,,,,,,,,,,,,,,,,,,,,,,,
73,"  REAL(KIND=8), DIMENSION(x_min-2:x_max+3,y_min-2:y_max+3,z_min-2:z_max+3) :: mom_flux",,,,,,,,,,,,,,,,,,,,,,,,,,,,,,,,,,,,,,,,,,,,,,,,,,,,,,,,,,,,,,,,,,,,
74,"  REAL(KIND=8), DIMENSION(x_min-2:x_max+3,y_min-2:y_max+3,z_min-2:z_max+3) :: pre_vol",,,,,,,,,,,,,,,,,,,,,,,,,,,,,,,,,,,,,,,,,,,,,,,,,,,,,,,,,,,,,,,,,,,,
75,"  REAL(KIND=8), DIMENSION(x_min-2:x_max+3,y_min-2:y_max+3,z_min-2:z_max+3) :: post_vol",,,,,,,,,,,,,,,,,,,,,,,,,,,,,,,,,,,,,,,,,,,,,,,,,,,,,,,,,,,,,,,,,,,,
76,,,,,,,,,,,,,,,,,,,,,,,,,,,,,,,,,,,,,,,,,,,,,,,,,,,,,,,,,,,,,,,,,,,,,
77,"  REAL(KIND=8), DIMENSION(x_min-2:x_max+2) :: celldx",,,,,,,,,,,,,,,,,,,,,,,,,,,,,,,,,,,,,,,,,,,,,,,,,,,,,,,,,,,,,,,,,,,,
78,"  REAL(KIND=8), DIMENSION(y_min-2:y_max+2) :: celldy",,,,,,,,,,,,,,,,,,,,,,,,,,,,,,,,,,,,,,,,,,,,,,,,,,,,,,,,,,,,,,,,,,,,
79,"  REAL(KIND=8), DIMENSION(z_min-2:z_max+2) :: celldz",,,,,,,,,,,,,,,,,,,,,,,,,,,,,,,,,,,,,,,,,,,,,,,,,,,,,,,,,,,,,,,,,,,,
80, ,,,,,,,,,,,,,,,,,,,,,,,,,,,,,,,,,,,,,,,,,,,,,,,,,,,,,,,,,,,,,,,,,,,,
81,"  INTEGER :: j,k,l",,,,,,,,,,,,,,,,,,,,,,,,,,,,,,,,,,,,,,,,,,,,,,,,,,,,,,,,,,,,,,,,,,,,
82,"  INTEGER :: upwind,donor,downwind,dif",,,,,,,,,,,,,,,,,,,,,,,,,,,,,,,,,,,,,,,,,,,,,,,,,,,,,,,,,,,,,,,,,,,,
83,"  REAL(KIND=8) :: sigma,wind,width",,,,,,,,,,,,,,,,,,,,,,,,,,,,,,,,,,,,,,,,,,,,,,,,,,,,,,,,,,,,,,,,,,,,
84,"  REAL(KIND=8) :: vdiffuw,vdiffdw,auw,adw,limiter",,,,,,,,,,,,,,,,,,,,,,,,,,,,,,,,,,,,,,,,,,,,,,,,,,,,,,,,,,,,,,,,,,,,
85,"  REAL(KIND=8) :: vdiffuw2,vdiffdw2,auw2,limiter2, advec_vel_s",,,,,,,,,,,,,,,,,,,,,,,,,,,,,,,,,,,,,,,,,,,,,,,,,,,,,,,,,,,,,,,,,,,,
86,,,,,,,,,,,,,,,,,,,,,,,,,,,,,,,,,,,,,,,,,,,,,,,,,,,,,,,,,,,,,,,,,,,,,
87,"  ! Choose the correct velocity, ideally, remove this pointer",,,,,,,,,,,,,,,,,,,,,,,,,,,,,,,,,,,,,,,,,,,,,,,,,,,,,,,,,,,,,,,,,,,,
88,  !  if it affects performance.,,,,,,,,,,,,,,,,,,,,,,,,,,,,,,,,,,,,,,,,,,,,,,,,,,,,,,,,,,,,,,,,,,,,
89,  ! Leave this one in as a test of performance,,,,,,,,,,,,,,,,,,,,,,,,,,,,,,,,,,,,,,,,,,,,,,,,,,,,,,,,,,,,,,,,,,,,
90,,,,,,,,,,,,,,,,,,,,,,,,,,,,,,,,,,,,,,,,,,,,,,,,,,,,,,,,,,,,,,,,,,,,,
91,!$OMP PARALLEL,32000048,35200000,0,20000030,50000075,1000015,0,0,10000015,0,0,0,0,20000030,10000015,0,0,250105,0,0,0,0,0,0,0,0,0,0,10754515,0,0,0,0,16,11,0,0,2,5,0,1,0,0,1,0,0,0,0,2,1,0,0,1,0,0,0,0,0,0,0,0,0,0,1,0,0,0,0
92,,,,,,,,,,,,,,,,,,,,,,,,,,,,,,,,,,,,,,,,,,,,,,,,,,,,,,,,,,,,,,,,,,,,,
93,! I think these only have to be done once per cell advection sweep. So put in some logic so they are just done the first time,,,,,,,,,,,,,,,,,,,,,,,,,,,,,,,,,,,,,,,,,,,,,,,,,,,,,,,,,,,,,,,,,,,,
94,,,,,,,,,,,,,,,,,,,,,,,,,,,,,,,,,,,,,,,,,,,,,,,,,,,,,,,,,,,,,,,,,,,,,
95,  IF(sweep_number.EQ.1.AND.direction.EQ.1)THEN ! x first,2000003,3200000,0,0,0,0,0,0,0,0,0,0,0,10000015,0,0,0,0,0,0,0,0,0,0,0,0,0,0,0,0,0,0,0,1,1,0,0,0,0,0,0,0,0,0,0,0,0,0,1,0,0,0,0,0,0,0,0,0,0,0,0,0,0,0,0,0,0,0
96,!$OMP DO,0,0,0,0,0,0,0,0,10000015,0,0,0,0,0,0,0,0,0,0,0,0,0,0,0,0,0,0,0,0,0,0,0,0,0,0,0,0,0,0,0,0,0,0,1,0,0,0,0,0,0,0,0,0,0,0,0,0,0,0,0,0,0,0,0,0,0,0,0
97,"    DO l=z_min-2,z_max+2",2000003,6400000,0,0,0,0,0,0,0,0,0,500015,0,10000015,10000015,0,0,0,0,0,0,0,0,0,0,0,0,0,0,0,4000120,0,0,1,2,0,0,0,0,0,0,0,0,0,0,0,1,0,1,1,0,0,0,0,0,0,0,0,0,0,0,0,0,0,0,1,0,0
98,"      DO k=y_min-2,y_max+2",14000021,35200000,10000015,30000045,30000045,0,0,0,30000045,0,10000015,500015,0,0,10000015,10000015,0,250105,250105,0,0,250015,20000060,0,0,0,235000705,0,1500630,1770002655,3500105,0,1750105,7,11,1,0,3,3,0,0,0,0,3,0,1,1,0,0,1,1,0,1,1,0,0,1,4,0,0,0,4,0,1,1,1,0,1
99,"        DO j=x_min-2,x_max+2",332000498,400000000,200000300,270000405,150000225,15000225,0,0,170000255,0,50000075,0,120000180,100000150,340000510,260000390,0,0,2250945,0,1000030,0,30000090,0,0,0,3800011400,0,0,7370011055,0,0,0,166,125,20,0,27,15,0,15,0,0,17,0,5,0,12,10,34,26,0,0,9,0,2,0,6,0,0,0,6,0,0,5,0,0,0
100,"          post_vol(j,k,l)= volume(j,k,l)+vol_flux_y(j  ,k+1,l  )-vol_flux_y(j,k,l) &",23742035613,22822400000,20880031320,21910032865,20880031320,710010650,0,0,19670029505,23500705,2450003675,80502415,930001395,790001185,8500012750,6430009645,32000960,41767535,28511970,21751305,15500465,17001020,2600007800,520000780,792011880,1693050790,205965617895,1645848745,3247113215,211190316785,8139244170,2727581825,1902364135,11871,7132,2088,0,2191,2088,0,710,0,0,1967,47,245,161,93,79,850,643,64,167,114,87,31,68,520,52,792,64,520,87,166,245,160,47,68
101,"                                        +vol_flux_z(j  ,k  ,l+1)-vol_flux_z(j,k,l)",12442018663,12198400000,10990016485,11240016860,11550017325,352005280,0,0,10560015840,10000300,1460002190,50501515,490000735,230000345,4360006540,3220004830,26000780,27761655,14255985,23001380,9000270,6750405,1680005040,300000450,0,1829554885,174375523125,1523841425,2218181245,126750190125,5982679475,566016980,1154569270,6221,3812,1099,0,1124,1155,0,352,0,0,1056,20,146,101,49,23,436,322,52,111,57,92,18,27,336,30,0,52,336,92,111,146,101,20,27
102,"          pre_vol(j,k,l)=post_vol(j,k,l)+vol_flux_x(j+1,k  ,l  )-vol_flux_x(j,k,l)",8244012366,8115200000,6010009015,6810010215,6490009735,231003465,0,0,5780008670,6000180,1410002115,38001140,900001350,930001395,3540005310,2410003615,11000330,16006720,11254725,6750405,5000150,9000540,1800005400,130000195,353005295,160504815,213040639120,110006600,1002921050,57860086790,3051591545,449513485,1624097440,4122,2536,601,0,681,649,0,231,0,0,578,12,141,76,90,93,354,241,22,64,45,27,10,36,360,13,353,22,360,27,64,141,76,12,36
103,        ENDDO,,,,,,,,,,,,,,,,,,,,,,,,,,,,,,,,,,,,,,,,,,,,,,,,,,,,,,,,,,,,,,,,,,,,
104,      ENDDO,,,,,,,,,,,,,,,,,,,,,,,,,,,,,,,,,,,,,,,,,,,,,,,,,,,,,,,,,,,,,,,,,,,,
105,    ENDDO,,,,,,,,,,,,,,,,,,,,,,,,,,,,,,,,,,,,,,,,,,,,,,,,,,,,,,,,,,,,,,,,,,,,
106,!$OMP END DO,,,,,,,,,,,,,,,,,,,,,,,,,,,,,,,,,,,,,,,,,,,,,,,,,,,,,,,,,,,,,,,,,,,,
107,  ELSEIF(sweep_number.EQ.1.AND.direction.EQ.3)THEN ! z first,,,,,,,,,,,,,,,,,,,,,,,,,,,,,,,,,,,,,,,,,,,,,,,,,,,,,,,,,,,,,,,,,,,,
108,!$OMP DO,2000003,0,0,0,0,0,0,0,0,0,0,0,0,0,0,0,0,0,0,0,0,0,0,0,0,0,0,0,0,0,0,0,0,1,0,0,0,0,0,0,0,0,0,0,0,0,0,0,0,0,0,0,0,0,0,0,0,0,0,0,0,0,0,0,0,0,0,0
109,"    DO l=z_min-2,z_max+2",6000009,22400000,0,10000015,10000015,0,0,0,0,0,0,500015,0,0,0,0,0,250105,0,0,0,0,0,0,0,0,0,0,1500630,0,9000270,0,0,3,7,0,0,1,1,0,0,0,0,0,0,0,1,0,0,0,0,0,1,0,0,0,0,0,0,0,0,0,0,1,0,1,0,0
110,"      DO k=y_min-2,y_max+2",26000039,28800000,0,50000075,0,1000015,0,0,10000015,0,30000045,0,0,10000015,50000075,30000045,0,0,0,0,0,0,40000120,0,0,0,530001590,0,0,260000390,0,0,0,13,9,0,0,5,0,0,1,0,0,1,0,3,0,0,1,5,3,0,0,0,0,0,0,8,0,0,0,8,0,0,3,0,0,0
111,"        DO j=x_min-2,x_max+2",396000594,396800000,220000330,170000255,210000315,19000285,0,0,130000195,0,90000135,0,70000105,120000180,440000660,310000465,0,0,750315,0,1000030,0,35000105,0,0,0,3360010080,0,0,13160019740,0,0,0,198,124,22,0,17,21,0,19,0,0,13,0,9,0,7,12,44,31,0,0,3,0,2,0,7,0,0,0,7,0,0,9,0,0,0
112,"          post_vol(j,k,l)= volume(j,k,l)+vol_flux_x(j+1,k  ,l  )-vol_flux_x(j,k,l) &",23946035919,23158400000,20700031050,21990032985,20980031470,671010065,0,0,20400030600,17000510,2370003555,65501965,1030001545,650000975,8730013095,6330009495,24000720,35014700,27511550,18751125,19000570,14500870,2490007470,500000750,753011295,2697080910,232100696300,957057420,2418015140,169000253500,7157714725,3351600545,1002060120,11973,7237,2070,0,2199,2098,0,671,0,0,2040,34,237,131,103,65,873,633,48,140,110,75,38,58,498,50,753,48,498,75,140,237,131,34,58
113,"                                        +vol_flux_y(j  ,k+1,l  )-vol_flux_y(j,k,l)",9266013899,9036800000,8400012600,8360012540,8280012420,246003690,0,0,8000012000,6000180,1460002190,38001140,350000525,210000315,3020004530,2370003555,9000270,16757035,8503570,8500510,7500225,10000600,1580004740,160000240,0,428012840,151115453345,532281935,1496378215,122660183990,1775553265,260007800,673290395,4633,2824,840,0,836,828,0,246,0,0,800,12,146,76,35,21,302,237,18,67,34,34,15,40,316,16,0,18,316,34,67,146,76,12,40
114,"          pre_vol(j,k,l)=post_vol(j,k,l)+vol_flux_z(j  ,k  ,l+1)-vol_flux_z(j,k,l)",11272016908,10963200000,8900013350,9850014775,9630014445,300004500,0,0,8510012765,14500435,1610002415,64501935,1120001680,940001410,5080007620,3770005655,28500855,34014280,14005880,21251275,8000240,10000600,2010006030,260000390,391005865,3505605165,196950590850,914804885,3774584660,158770238155,4401132030,811024330,1286827205,5636,3426,890,0,985,963,0,300,0,0,851,29,161,129,112,94,508,377,57,136,56,85,16,40,402,26,391,57,402,85,136,161,129,29,40
115,        ENDDO,,,,,,,,,,,,,,,,,,,,,,,,,,,,,,,,,,,,,,,,,,,,,,,,,,,,,,,,,,,,,,,,,,,,
116,      ENDDO,,,,,,,,,,,,,,,,,,,,,,,,,,,,,,,,,,,,,,,,,,,,,,,,,,,,,,,,,,,,,,,,,,,,
117,    ENDDO,,,,,,,,,,,,,,,,,,,,,,,,,,,,,,,,,,,,,,,,,,,,,,,,,,,,,,,,,,,,,,,,,,,,
118,!$OMP END DO,2000003,0,0,0,0,0,0,0,0,0,0,0,0,0,0,0,0,0,0,0,0,0,0,0,0,0,0,0,0,0,0,0,0,1,0,0,0,0,0,0,0,0,0,0,0,0,0,0,0,0,0,0,0,0,0,0,0,0,0,0,0,0,0,0,0,0,0,0
119,  ELSEIF(sweep_number.EQ.2.AND.advect_x)THEN ! x first,6000009,12800000,20000030,0,0,1000015,0,0,20000030,0,0,0,0,0,0,10000015,0,0,0,0,0,0,0,0,0,0,0,0,0,0,0,0,0,3,4,2,0,0,0,0,1,0,0,2,0,0,0,0,0,0,1,0,0,0,0,0,0,0,0,0,0,0,0,0,0,0,0,0
120,!$OMP DO,6000009,0,0,0,0,0,0,0,0,0,0,0,0,0,0,0,0,0,0,0,0,0,0,0,0,0,0,0,0,0,0,0,0,3,0,0,0,0,0,0,0,0,0,0,0,0,0,0,0,0,0,0,0,0,0,0,0,0,0,0,0,0,0,0,0,0,0,0
121,"    DO l=z_min-2,z_max+2",6000009,9600000,0,0,0,0,0,0,0,0,0,0,0,0,0,0,0,0,0,0,0,0,0,0,1000015,0,0,0,0,0,0,0,0,3,3,0,0,0,0,0,0,0,0,0,0,0,0,0,0,0,0,0,0,0,0,0,0,0,0,1,0,0,0,0,0,0,0,0
122,"      DO k=y_min-2,y_max+2",14000021,38400000,0,40000060,10000015,0,0,0,0,0,0,0,10000015,10000015,10000015,40000060,0,0,0,0,0,0,5000015,0,0,0,35000105,0,0,0,0,0,0,7,12,0,0,4,1,0,0,0,0,0,0,0,0,1,1,1,4,0,0,0,0,0,0,1,0,0,0,1,0,0,0,0,0,0
123,"        DO j=x_min-2,x_max+2",256000384,291200000,70000105,180000270,190000285,12000180,0,0,110000165,0,10000015,0,20000030,40000060,260000390,180000270,0,0,500210,0,0,0,0,10000015,0,0,0,0,0,70000105,0,0,0,128,91,7,0,18,19,0,12,0,0,11,0,1,0,2,4,26,18,0,0,2,0,0,0,0,1,0,0,0,0,0,1,0,0,0
124,"          post_vol(j,k,l)=volume(j,k,l) +vol_flux_z(j  ,k  ,l+1)-vol_flux_z(j,k,l)",25480038220,24742400000,23330034995,24000036000,23510035265,724010860,0,0,23410035115,30500915,2490003735,120503615,2380003570,920001380,9120013680,6400009600,52501575,58024360,31513230,37002220,21500645,22751365,3165009495,790001185,841012615,6149184470,269820809460,2303138180,6870634455,223930335895,12983889505,5842675275,3115686930,12740,7732,2333,0,2400,2351,0,724,0,0,2341,61,249,241,238,92,912,640,105,232,126,148,43,91,633,79,841,105,633,148,232,249,241,61,91
125,"          pre_vol(j,k,l)=post_vol(j,k,l)+vol_flux_y(j  ,k+1,l  )-vol_flux_y(j,k,l)",13048019572,12752000000,9700014550,11820017730,10610015915,340005100,0,0,9520014280,11500345,1450002175,33000990,2400003600,1790002685,4220006330,3370005055,12000360,18257665,14255985,7500450,11500345,12250735,1860005580,310000465,63000945,1245537365,179995539985,751295075,1682456335,177260265890,2113063390,1819054570,2299137940,6524,3985,970,0,1182,1061,0,340,0,0,952,23,145,66,240,179,422,337,24,73,57,30,23,49,372,31,63,24,372,30,73,145,66,23,49
126,        ENDDO,,,,,,,,,,,,,,,,,,,,,,,,,,,,,,,,,,,,,,,,,,,,,,,,,,,,,,,,,,,,,,,,,,,,
127,      ENDDO,,,,,,,,,,,,,,,,,,,,,,,,,,,,,,,,,,,,,,,,,,,,,,,,,,,,,,,,,,,,,,,,,,,,
128,    ENDDO,,,,,,,,,,,,,,,,,,,,,,,,,,,,,,,,,,,,,,,,,,,,,,,,,,,,,,,,,,,,,,,,,,,,
129,!$OMP END DO,,,,,,,,,,,,,,,,,,,,,,,,,,,,,,,,,,,,,,,,,,,,,,,,,,,,,,,,,,,,,,,,,,,,
130,  ELSEIF(sweep_number.EQ.2.AND..NOT.advect_x)THEN ! Z first,,,,,,,,,,,,,,,,,,,,,,,,,,,,,,,,,,,,,,,,,,,,,,,,,,,,,,,,,,,,,,,,,,,,
131,!$OMP DO,0,3200000,0,0,0,0,0,0,0,0,0,0,0,0,0,0,0,0,0,0,0,0,0,0,0,0,0,0,0,0,0,0,0,0,1,0,0,0,0,0,0,0,0,0,0,0,0,0,0,0,0,0,0,0,0,0,0,0,0,0,0,0,0,0,0,0,0,0
132,"    DO l=z_min-2,z_max+2",6000009,0,10000015,0,0,0,0,0,10000015,0,0,0,0,0,0,0,0,0,0,0,0,0,0,0,0,0,0,0,0,0,0,0,0,3,0,1,0,0,0,0,0,0,0,1,0,0,0,0,0,0,0,0,0,0,0,0,0,0,0,0,0,0,0,0,0,0,0,0
133,"      DO k=y_min-2,y_max+2",30000045,16000000,0,10000015,0,1000015,0,0,0,0,30000045,0,0,0,20000030,10000015,0,0,0,0,0,0,15000045,0,0,0,120000360,0,0,3470005205,0,0,0,15,5,0,0,1,0,0,1,0,0,0,0,3,0,0,0,2,1,0,0,0,0,0,0,3,0,0,0,3,0,0,3,0,0,0
134,"        DO j=x_min-2,x_max+2",258000387,262400000,90000135,190000285,200000300,7000105,0,0,110000165,0,10000015,0,30000045,80000120,350000525,170000255,0,0,250105,0,0,0,0,0,0,0,0,0,0,90000135,0,0,0,129,82,9,0,19,20,0,7,0,0,11,0,1,0,3,8,35,17,0,0,1,0,0,0,0,0,0,0,0,0,0,1,0,0,0
135,"          post_vol(j,k,l)=volume(j,k,l) +vol_flux_x(j+1,k  ,l  )-vol_flux_x(j,k,l)",24258036387,23673600000,21430032145,22890034335,21600032400,567008505,0,0,21470032205,20500615,2120003180,59501785,2500003750,1100001650,8380012570,6040009060,30500915,33263965,11504830,13000780,15000450,14000840,2850008550,470000705,796011940,1496044880,342751028250,1864361855,4939073540,279880419820,8892266760,2019560585,2004620270,12129,7398,2143,0,2289,2160,0,567,0,0,2147,41,212,119,250,110,838,604,61,133,46,52,30,56,570,47,796,61,570,52,133,212,119,41,56
136,"          pre_vol(j,k,l)=post_vol(j,k,l)+vol_flux_y(j  ,k+1,l  )-vol_flux_y(j,k,l)",14030021045,13385600000,10020015030,12710019065,11290016935,333004995,0,0,9680014520,7000210,1660002490,31000930,3110004665,2550003825,4790007185,3560005340,12500375,15756615,8003360,6750405,6500195,8500510,2105006315,380000570,90001350,766022980,250510751530,739794385,2527311025,143930215895,3317099510,2313569405,2540902445,7015,4183,1002,0,1271,1129,0,333,0,0,968,14,166,62,311,255,479,356,25,63,32,27,13,34,421,38,90,25,421,27,63,166,62,14,33
137,        ENDDO,,,,,,,,,,,,,,,,,,,,,,,,,,,,,,,,,,,,,,,,,,,,,,,,,,,,,,,,,,,,,,,,,,,,
138,      ENDDO,,,,,,,,,,,,,,,,,,,,,,,,,,,,,,,,,,,,,,,,,,,,,,,,,,,,,,,,,,,,,,,,,,,,
139,    ENDDO,,,,,,,,,,,,,,,,,,,,,,,,,,,,,,,,,,,,,,,,,,,,,,,,,,,,,,,,,,,,,,,,,,,,
140,!$OMP END DO,,,,,,,,,,,,,,,,,,,,,,,,,,,,,,,,,,,,,,,,,,,,,,,,,,,,,,,,,,,,,,,,,,,,
141,  ELSEIF(sweep_number.EQ.3.AND.direction.EQ.1)THEN ! z first,2000003,3200000,0,0,0,0,0,0,0,0,0,0,0,0,0,0,0,0,0,0,0,0,0,0,0,0,0,0,0,0,0,0,0,1,1,0,0,0,0,0,0,0,0,0,0,0,0,0,0,0,0,0,0,0,0,0,0,0,0,0,0,0,0,0,0,0,0,0
142,!$OMP DO,,,,,,,,,,,,,,,,,,,,,,,,,,,,,,,,,,,,,,,,,,,,,,,,,,,,,,,,,,,,,,,,,,,,
143,"    DO l=z_min-2,z_max+2",2000003,12800000,0,0,0,0,0,0,10000015,0,0,0,0,0,0,0,0,0,0,0,0,0,0,0,0,0,0,0,0,0,0,0,0,1,4,0,0,0,0,0,0,0,0,1,0,0,0,0,0,0,0,0,0,0,0,0,0,0,0,0,0,0,0,0,0,0,0,0
144,"      DO k=y_min-2,y_max+2",26000039,16000000,10000015,10000015,10000015,1000015,0,0,0,0,20000030,0,0,20000030,0,10000015,0,250105,0,0,0,0,0,30000045,0,0,0,0,1750735,12530018795,0,0,0,13,5,1,0,1,1,0,1,0,0,0,0,2,0,0,2,0,1,0,1,0,0,0,0,0,3,0,0,0,0,1,2,0,0,0
145,"        DO j=x_min-2,x_max+2",416000624,320000000,140000210,290000435,100000150,10000150,0,0,110000165,0,0,0,70000105,180000270,230000345,160000240,0,0,0,0,500015,0,15000045,30000045,0,0,305000915,0,0,0,0,0,0,208,100,14,0,29,10,0,10,0,0,11,0,0,0,7,18,23,16,0,0,0,0,1,0,3,3,0,0,3,0,0,0,0,0,0
146,"          post_vol(j,k,l)=volume(j,k,l)",9636014454,9334400000,6270009405,7130010695,6650009975,173002595,0,0,7720011580,14500435,790001185,40001200,2900004350,1140001710,2640003960,1930002895,14500435,22009240,4251785,7000420,9000270,11750705,1535004605,260000390,778011670,1494044820,258320774960,1170070200,4616438090,146430219645,6776703295,5623168690,2663159780,4818,2917,627,0,713,665,0,173,0,0,772,29,79,80,290,114,264,193,29,88,17,28,18,47,307,26,778,29,307,28,88,79,80,29,47
147,"          pre_vol(j,k,l)=post_vol(j,k,l)+vol_flux_x(j+1,k  ,l  )-vol_flux_x(j,k,l)",22410033615,21833600000,13070019605,17080025620,14220021330,394005910,0,0,16500024750,12500375,1120001680,27000810,7930011895,4660006990,5940008910,4360006540,12500375,17257245,8253465,7750465,13500405,11500690,1565004695,770001155,209003135,2045061350,370206110615,421525290,4198262530,158720238080,4991649745,2306069180,3644718670,11205,6823,1307,0,1708,1422,0,394,0,0,1650,25,112,54,793,466,594,436,25,69,33,31,27,46,313,77,209,25,313,31,69,112,54,25,46
148,        ENDDO,,,,,,,,,,,,,,,,,,,,,,,,,,,,,,,,,,,,,,,,,,,,,,,,,,,,,,,,,,,,,,,,,,,,
149,      ENDDO,,,,,,,,,,,,,,,,,,,,,,,,,,,,,,,,,,,,,,,,,,,,,,,,,,,,,,,,,,,,,,,,,,,,
150,    ENDDO,,,,,,,,,,,,,,,,,,,,,,,,,,,,,,,,,,,,,,,,,,,,,,,,,,,,,,,,,,,,,,,,,,,,
151,!$OMP END DO,,,,,,,,,,,,,,,,,,,,,,,,,,,,,,,,,,,,,,,,,,,,,,,,,,,,,,,,,,,,,,,,,,,,
152,  ELSEIF(sweep_number.EQ.3.AND.direction.EQ.3)THEN ! x first,,,,,,,,,,,,,,,,,,,,,,,,,,,,,,,,,,,,,,,,,,,,,,,,,,,,,,,,,,,,,,,,,,,,
153,!$OMP DO,0,3200000,0,0,0,0,0,0,0,0,0,0,0,0,0,0,0,0,0,0,0,0,0,0,0,0,0,0,0,0,0,0,0,0,1,0,0,0,0,0,0,0,0,0,0,0,0,0,0,0,0,0,0,0,0,0,0,0,0,0,0,0,0,0,0,0,0,0
154,"    DO l=z_min-2,z_max+2",6000009,16000000,0,0,0,0,0,0,0,0,0,0,0,0,0,0,0,0,0,0,0,0,0,0,1000015,0,0,0,0,0,0,0,0,3,5,0,0,0,0,0,0,0,0,0,0,0,0,0,0,0,0,0,0,0,0,0,0,0,0,1,0,0,0,0,0,0,0,0
155,"      DO k=y_min-2,y_max+2",34000051,25600000,10000015,20000030,20000030,2000030,0,0,10000015,0,20000030,0,10000015,0,20000030,50000075,0,0,0,0,0,0,15000045,0,0,0,1810005430,0,0,140000210,0,0,0,17,8,1,0,2,2,0,2,0,0,1,0,2,0,1,0,2,5,0,0,0,0,0,0,3,0,0,0,3,0,0,2,0,0,0
156,"        DO j=x_min-2,x_max+2",320000480,240000000,120000180,180000270,100000150,14000210,0,0,140000210,0,0,0,40000060,120000180,290000435,240000360,0,0,1500630,0,2000060,0,0,0,0,0,0,0,0,0,0,0,0,160,75,12,0,18,10,0,14,0,0,14,0,0,0,4,12,29,24,0,0,6,0,4,0,0,0,0,0,0,0,0,0,0,0,0
157,"          post_vol(j,k,l)=volume(j,k,l)",7836011754,7654400000,5050007575,5770008655,5200007800,141002115,0,0,7070010605,18500555,870001305,52001560,2490003735,810001215,2140003210,1610002415,20000600,29512390,9253885,9250555,5500165,12250735,1480004440,270000405,706010590,1600548015,218725656175,565283915,6219861245,164370246555,11191335730,2900087000,2207632450,3918,2392,505,0,577,520,0,141,0,0,707,37,87,104,249,81,214,161,40,118,37,37,11,49,296,27,706,40,296,37,118,87,104,37,49
158,"          pre_vol(j,k,l)=post_vol(j,k,l)+vol_flux_z(j  ,k  ,l+1)-vol_flux_z(j,k,l)",24780037170,24230400000,15490023235,18840028260,16890025335,565008475,0,0,19360029040,19500585,1270001905,73002190,9280013920,4170006255,6830010245,4580006870,40001200,49020580,28762075,35502130,20500615,15000900,1550004650,830001245,257003855,3830114900,244095732285,5360321600,7835789650,127090190635,12656379680,3461603845,2115126900,12390,7572,1549,0,1884,1689,0,565,0,0,1936,39,127,146,928,417,683,458,80,196,115,142,41,60,310,83,257,80,310,142,196,127,146,39,60
159,        ENDDO,,,,,,,,,,,,,,,,,,,,,,,,,,,,,,,,,,,,,,,,,,,,,,,,,,,,,,,,,,,,,,,,,,,,
160,      ENDDO,,,,,,,,,,,,,,,,,,,,,,,,,,,,,,,,,,,,,,,,,,,,,,,,,,,,,,,,,,,,,,,,,,,,
161,    ENDDO,,,,,,,,,,,,,,,,,,,,,,,,,,,,,,,,,,,,,,,,,,,,,,,,,,,,,,,,,,,,,,,,,,,,
162,!$OMP END DO,,,,,,,,,,,,,,,,,,,,,,,,,,,,,,,,,,,,,,,,,,,,,,,,,,,,,,,,,,,,,,,,,,,,
163,  ENDIF,,,,,,,,,,,,,,,,,,,,,,,,,,,,,,,,,,,,,,,,,,,,,,,,,,,,,,,,,,,,,,,,,,,,
164,,,,,,,,,,,,,,,,,,,,,,,,,,,,,,,,,,,,,,,,,,,,,,,,,,,,,,,,,,,,,,,,,,,,,
165,  IF(direction.EQ.1)THEN,26000039,19200000,10000015,10000015,40000060,0,0,0,0,0,0,0,0,0,0,0,0,250105,0,0,0,0,0,0,0,0,0,0,1500630,0,0,0,0,13,6,1,0,1,4,0,0,0,0,0,0,0,0,0,0,0,0,0,1,0,0,0,0,0,0,0,0,0,0,1,0,0,0,0
166,    IF(which_vel.EQ.1) THEN,2000003,6400000,0,10000015,0,0,0,0,0,0,0,0,0,20000030,0,0,0,0,0,0,0,0,0,0,0,0,0,0,0,0,0,0,0,1,2,0,0,1,0,0,0,0,0,0,0,0,0,0,2,0,0,0,0,0,0,0,0,0,0,0,0,0,0,0,0,0,0,0
167,!$OMP DO,,,,,,,,,,,,,,,,,,,,,,,,,,,,,,,,,,,,,,,,,,,,,,,,,,,,,,,,,,,,,,,,,,,,
168,"      DO l=z_min,z_max+1",4000006,3200000,0,0,10000015,0,0,0,0,0,0,0,0,0,0,0,0,0,0,0,0,0,0,0,2000030,0,0,0,0,0,0,0,0,2,1,0,0,0,1,0,0,0,0,0,0,0,0,0,0,0,0,0,0,0,0,0,0,0,0,2,0,0,0,0,0,0,0,0
169,"        DO k=y_min,y_max+1",14000021,6400000,10000015,10000015,10000015,1000015,0,0,10000015,0,20000030,0,0,10000015,0,40000060,0,0,0,0,0,0,50000150,0,0,0,5755017265,0,0,160000240,0,0,0,7,2,1,0,1,1,0,1,0,0,1,0,2,0,0,1,0,4,0,0,0,0,0,0,10,0,0,0,10,0,0,2,0,0,0
170,"          DO j=x_min-2,x_max+2",150000225,169600000,30000045,40000060,30000045,4000060,0,0,20000030,0,0,0,0,0,420000630,270000405,0,0,250105,0,500015,0,0,10000015,0,0,0,0,0,0,0,0,0,75,53,3,0,4,3,0,4,0,0,2,0,0,0,0,0,42,27,0,0,1,0,1,0,0,1,0,0,0,0,0,0,0,0,0
171,"            ! Find staggered mesh mass fluxes, nodal masses and volumes.",,,,,,,,,,,,,,,,,,,,,,,,,,,,,,,,,,,,,,,,,,,,,,,,,,,,,,,,,,,,,,,,,,,,
172,"            node_flux(j,k,l)=0.125_8*(mass_flux_x(j  ,k-1,l  )+mass_flux_x(j  ,k,l  )  &",6354009531,6105600000,4420006630,4550006825,4450006675,132001980,0,0,5130007695,1000030,1770002655,8000240,30000045,30000045,4490006735,3550005325,5500165,5002100,3001260,1000060,2000060,2000120,1685005055,150000225,331004965,56501695,58185174555,31251875,372656450,30600045900,90502715,7500225,280016800,3177,1908,442,0,455,445,0,132,0,0,513,2,177,16,3,3,449,355,11,20,12,4,4,8,337,15,331,11,337,4,20,177,16,2,8
173,"                                     +mass_flux_x(j+1,k-1,l  )+mass_flux_x(j+1,k,l  )  &",2342003513,2284800000,1530002295,1590002385,1570002355,47000705,0,0,1490002235,1000030,630000945,2500075,0,50000075,2560003840,1760002640,1000030,1500630,1250525,1000060,0,1000060,740002220,50000075,0,7500225,24160072480,110256615,187328645,18130027195,140004200,8500255,9500570,1171,714,153,0,159,157,0,47,0,0,149,2,63,5,0,5,256,176,2,6,5,4,0,4,148,5,0,2,148,4,6,63,5,2,4
174,"                                     +mass_flux_x(j  ,k-1,l-1)+mass_flux_x(j  ,k,l-1)  &",1028001542,992000000,440000660,640000960,460000690,29000435,0,0,580000870,500015,970001455,4500135,0,30000045,1840002760,1190001785,3500105,2751155,1000420,3000180,500015,250015,780002340,50000075,0,105503165,21940065820,310518630,221843135,46100069150,64501935,4500135,1750105,514,310,44,0,64,46,0,29,0,0,58,1,97,9,0,3,184,119,7,11,4,12,1,1,156,5,0,7,156,12,11,97,9,1,1
175,"                                     +mass_flux_x(j+1,k-1,l-1)+mass_flux_x(j+1,k,l-1))",1054001581,931200000,350000525,370000555,380000570,34000510,0,0,550000825,0,1230001845,1500045,10000015,30000045,2240003360,1730002595,1000030,1000420,250105,1250075,500015,250015,1385004155,30000045,0,8000240,45185135555,36002160,19508190,19810029715,20000600,0,3000180,527,291,35,0,37,38,0,34,0,0,55,0,123,3,1,3,224,173,2,4,1,5,1,1,277,3,0,2,277,5,4,123,3,0,1
176,          ENDDO,,,,,,,,,,,,,,,,,,,,,,,,,,,,,,,,,,,,,,,,,,,,,,,,,,,,,,,,,,,,,,,,,,,,
177,        ENDDO,,,,,,,,,,,,,,,,,,,,,,,,,,,,,,,,,,,,,,,,,,,,,,,,,,,,,,,,,,,,,,,,,,,,
178,      ENDDO,,,,,,,,,,,,,,,,,,,,,,,,,,,,,,,,,,,,,,,,,,,,,,,,,,,,,,,,,,,,,,,,,,,,
179,!$OMP END DO,,,,,,,,,,,,,,,,,,,,,,,,,,,,,,,,,,,,,,,,,,,,,,,,,,,,,,,,,,,,,,,,,,,,
180,"!And do I need to calc the node mass for all 3 directions, or just once?",,,,,,,,,,,,,,,,,,,,,,,,,,,,,,,,,,,,,,,,,,,,,,,,,,,,,,,,,,,,,,,,,,,,
181,!$OMP DO,,,,,,,,,,,,,,,,,,,,,,,,,,,,,,,,,,,,,,,,,,,,,,,,,,,,,,,,,,,,,,,,,,,,
182,"      DO l=z_min,z_max+1",6000009,9600000,0,0,10000015,1000015,0,0,0,0,0,0,0,0,0,10000015,0,0,0,0,0,0,0,0,0,0,0,0,0,0,0,0,0,3,3,0,0,0,1,0,1,0,0,0,0,0,0,0,0,0,1,0,0,0,0,0,0,0,0,0,0,0,0,0,0,0,0,0
183,"        DO k=y_min,y_max+1",14000021,16000000,40000060,0,0,0,0,0,0,0,70000105,0,0,0,30000045,30000045,0,0,0,0,0,0,90000270,0,1000015,0,765002295,0,0,870001305,0,0,0,7,5,4,0,0,0,0,0,0,0,0,0,7,0,0,0,3,3,0,0,0,0,0,0,18,0,1,0,18,0,0,7,0,0,0
184,"          DO j=x_min-1,x_max+2",384000576,489600000,140000210,160000240,110000165,18000270,0,0,140000210,0,20000030,0,0,30000045,620000930,480000720,0,0,500210,0,0,0,20000060,20000030,0,0,150000450,0,0,330000495,0,0,0,192,153,14,0,16,11,0,18,0,0,14,0,2,0,0,3,62,48,0,0,2,0,0,0,4,2,0,0,4,0,0,2,0,0,0
185,            ! Staggered cell mass post advection,,,,,,,,,,,,,,,,,,,,,,,,,,,,,,,,,,,,,,,,,,,,,,,,,,,,,,,,,,,,,,,,,,,,
186,"            node_mass_post(j,k,l)=0.125_8*(density1(j  ,k-1,l  )*post_vol(j  ,k-1,l  )                   &",3844005766,3654400000,1950002925,2020003030,1740002610,134002010,0,0,2180003270,500015,6240009360,500015,0,40000060,6050009075,4380006570,0,250105,1250525,0,2000060,0,5580016740,40000060,343005145,0,73390220170,0,2250945,91050136575,3000090,21000630,0,1922,1142,195,0,202,174,0,134,0,0,218,1,624,1,0,4,605,438,0,1,5,0,4,0,1116,4,343,0,1116,0,1,624,1,1,0
187,"                                          +density1(j  ,k  ,l  )*post_vol(j  ,k  ,l  )                   &",6212009318,6003200000,4740007110,4920007380,4920007380,92001380,0,0,5200007800,1000030,50000075,9500285,0,50000075,2670004005,1790002685,3500105,4501890,250105,1750105,1000030,2250135,300000900,50000075,0,50501515,7855023565,13250795,43018060,3180004770,78002340,429012870,685291115,3106,1876,474,0,492,492,0,92,0,0,520,2,5,19,0,5,267,179,7,18,1,7,2,9,60,5,0,7,60,7,18,5,19,2,9
188,"                                          +density1(j-1,k-1,l  )*post_vol(j-1,k-1,l  )                   &",794001191,662400000,120000180,150000225,160000240,42000630,0,0,230000345,0,1020001530,0,0,0,1990002985,1630002445,0,0,250105,0,0,0,975002925,60000090,0,0,13945041835,0,0,8420012630,0,0,0,397,207,12,0,15,16,0,42,0,0,23,0,102,0,0,0,199,163,0,0,1,0,0,0,195,6,0,0,195,0,0,102,0,0,0
189,"                                          +density1(j-1,k  ,l  )*post_vol(j-1,k  ,l  )                   &",478000717,499200000,90000135,100000150,80000120,21000315,0,0,100000150,500015,810001215,0,0,30000045,1330001995,1160001740,0,0,250105,0,500015,0,635001905,20000030,0,0,5335016005,0,0,14190021285,0,620518615,0,239,156,9,0,10,8,0,21,0,0,10,1,81,0,0,3,133,116,0,0,1,0,1,0,127,2,0,0,127,0,0,81,0,1,0
190,"                                          +density1(j  ,k-1,l-1)*post_vol(j  ,k-1,l-1)                   &",790001185,729600000,90000135,160000240,110000165,34000510,0,0,130000195,0,490000735,0,0,10000015,2360003540,1970002955,500015,0,1500630,750045,1500045,0,655001965,10000015,0,3500105,16400049200,24251455,0,3830005745,0,0,0,395,228,9,0,16,11,0,34,0,0,13,0,49,0,0,1,236,197,1,0,6,3,3,0,131,1,0,1,131,3,0,49,0,0,0
191,"                                          +density1(j  ,k  ,l-1)*post_vol(j  ,k  ,l-1)                   &",1538002307,1443200000,700001050,720001080,810001215,43000645,0,0,750001125,1000030,380000570,5500165,0,0,1680002520,1360002040,7000210,4001680,1250525,3500210,0,250015,330000990,0,0,62001860,2805008415,28251695,297374845,5850008775,51001530,9000270,2250135,769,451,70,0,72,81,0,43,0,0,75,2,38,11,0,0,168,136,14,16,5,14,0,1,66,0,0,14,66,14,16,38,11,2,1
192,"                                          +density1(j-1,k-1,l-1)*post_vol(j-1,k-1,l-1)                   &",884001326,1004800000,90000135,120000180,100000150,57000855,0,0,90000135,0,480000720,0,0,0,3500005250,2490003735,0,0,250105,0,0,0,360001080,0,0,0,7010021030,0,0,6840010260,0,0,0,442,314,9,0,12,10,0,57,0,0,9,0,48,0,0,0,350,249,0,0,1,0,0,0,72,0,0,0,72,0,0,48,0,0,0
193,"                                          +density1(j-1,k  ,l-1)*post_vol(j-1,k  ,l-1))",632000948,560000000,140000210,120000180,160000240,41000615,0,0,170000255,0,410000615,500015,0,30000045,2270003405,1760002640,0,0,500210,250015,0,0,390001170,30000045,0,0,19415058245,6000360,0,7790011685,4500135,0,0,316,175,14,0,12,16,0,41,0,0,17,0,41,1,0,3,227,176,0,0,2,1,0,0,78,3,0,0,78,1,0,41,1,0,0
194,          ENDDO,,,,,,,,,,,,,,,,,,,,,,,,,,,,,,,,,,,,,,,,,,,,,,,,,,,,,,,,,,,,,,,,,,,,
195,        ENDDO,,,,,,,,,,,,,,,,,,,,,,,,,,,,,,,,,,,,,,,,,,,,,,,,,,,,,,,,,,,,,,,,,,,,
196,      ENDDO,,,,,,,,,,,,,,,,,,,,,,,,,,,,,,,,,,,,,,,,,,,,,,,,,,,,,,,,,,,,,,,,,,,,
197,!$OMP END DO,,,,,,,,,,,,,,,,,,,,,,,,,,,,,,,,,,,,,,,,,,,,,,,,,,,,,,,,,,,,,,,,,,,,
198,!$OMP DO,0,3200000,0,0,0,0,0,0,0,0,0,0,0,0,0,0,0,0,0,0,0,0,0,0,0,0,0,0,0,0,0,0,0,0,1,0,0,0,0,0,0,0,0,0,0,0,0,0,0,0,0,0,0,0,0,0,0,0,0,0,0,0,0,0,0,0,0,0
199,"      DO l=z_min,z_max+1",2000003,3200000,0,10000015,0,0,0,0,0,0,0,0,0,0,0,0,0,0,0,0,0,0,0,0,0,0,0,0,0,0,0,0,0,1,1,0,0,1,0,0,0,0,0,0,0,0,0,0,0,0,0,0,0,0,0,0,0,0,0,0,0,0,0,0,0,0,0,0
200,"        DO k=y_min,y_max+1",10000015,9600000,30000045,20000030,10000015,0,0,0,0,0,20000030,0,0,10000015,10000015,0,0,0,0,0,0,0,5000015,0,0,0,4225012675,0,0,2870004305,0,0,0,5,3,3,0,2,1,0,0,0,0,0,0,2,0,0,1,1,0,0,0,0,0,0,0,1,0,0,0,1,0,0,2,0,0,0
201,"          DO j=x_min-1,x_max+2",102000153,96000000,60000090,60000090,50000075,0,0,0,80000120,0,0,0,0,10000015,130000195,70000105,0,0,250105,0,500015,0,0,10000015,0,0,0,0,0,0,0,0,0,51,30,6,0,6,5,0,0,0,0,8,0,0,0,0,1,13,7,0,0,1,0,1,0,0,1,0,0,0,0,0,0,0,0,0
202,            ! Staggered cell mass pre advection,,,,,,,,,,,,,,,,,,,,,,,,,,,,,,,,,,,,,,,,,,,,,,,,,,,,,,,,,,,,,,,,,,,,
203,"            node_mass_pre(j,k,l)=node_mass_post(j,k,l)-node_flux(j-1,k,l)+node_flux(j,k,l)",13530020295,13116800000,10920016380,11050016575,10860016290,291004365,0,0,11770017655,15500465,870001305,34001020,0,130000195,4510006765,3020004530,13000390,34014280,11004620,17251035,13500405,17501050,1695005085,210000315,332004980,613518405,312990938970,1651849105,5293722430,117820176730,3318599555,2570077100,5084555055,6765,4099,1092,0,1105,1086,0,291,0,0,1177,31,87,68,0,13,451,302,26,136,44,69,27,70,339,21,332,26,339,69,136,87,68,31,70
204,          ENDDO,,,,,,,,,,,,,,,,,,,,,,,,,,,,,,,,,,,,,,,,,,,,,,,,,,,,,,,,,,,,,,,,,,,,
205,        ENDDO,,,,,,,,,,,,,,,,,,,,,,,,,,,,,,,,,,,,,,,,,,,,,,,,,,,,,,,,,,,,,,,,,,,,
206,      ENDDO,,,,,,,,,,,,,,,,,,,,,,,,,,,,,,,,,,,,,,,,,,,,,,,,,,,,,,,,,,,,,,,,,,,,
207,!$OMP END DO,,,,,,,,,,,,,,,,,,,,,,,,,,,,,,,,,,,,,,,,,,,,,,,,,,,,,,,,,,,,,,,,,,,,
208,    ENDIF,,,,,,,,,,,,,,,,,,,,,,,,,,,,,,,,,,,,,,,,,,,,,,,,,,,,,,,,,,,,,,,,,,,,
209,,,,,,,,,,,,,,,,,,,,,,,,,,,,,,,,,,,,,,,,,,,,,,,,,,,,,,,,,,,,,,,,,,,,,
210,"!$OMP DO PRIVATE(upwind,downwind,donor,dif,sigma,width,limiter,vdiffuw,vdiffdw,auw,adw,wind)",,,,,,,,,,,,,,,,,,,,,,,,,,,,,,,,,,,,,,,,,,,,,,,,,,,,,,,,,,,,,,,,,,,,
211,"    DO l=z_min,z_max+1",0,3200000,0,10000015,10000015,1000015,0,0,0,0,0,0,0,10000015,0,10000015,0,0,0,0,0,0,0,0,0,0,0,0,0,0,0,0,0,0,1,0,0,1,1,0,1,0,0,0,0,0,0,0,1,0,1,0,0,0,0,0,0,0,0,0,0,0,0,0,0,0,0,0
212,"      DO k=y_min,y_max+1",30000045,25600000,0,10000015,0,1000015,0,0,0,0,0,1500045,0,10000015,40000060,80000120,500015,250105,0,250015,0,0,0,0,0,3000090,0,1750105,1750735,0,14500435,0,0,15,8,0,0,1,0,0,1,0,0,0,0,0,3,0,1,4,8,1,1,0,1,0,0,0,0,0,1,0,1,1,0,3,0,0
213,"        DO j=x_min-1,x_max+1",958001437,889600000,10000015,140000210,130000195,19000285,0,0,90000135,0,50000075,500015,0,20000030,2840004260,2560003840,500015,0,500210,0,0,0,90000270,90000135,0,3500105,715002145,0,0,450000675,4000120,0,0,479,278,1,0,14,13,0,19,0,0,9,0,5,1,0,2,284,256,1,0,2,0,0,0,18,9,0,1,18,0,0,5,1,0,0
214,"          IF(node_flux(j,k,l).LT.0.0)THEN",5492008238,5369600000,4280006420,4210006315,4330006495,51000765,0,0,4520006780,5500165,8490012735,30500915,0,30000045,3860005790,3860005790,22000660,7253045,0,3250195,0,3750225,8345025035,120000180,37000555,178505355,90560271680,23751425,58774675,106080159120,317509525,52001560,128007680,2746,1678,428,0,421,433,0,51,0,0,452,11,849,61,0,3,386,386,44,29,0,13,0,15,1669,12,37,44,1669,13,29,849,61,11,15
215,            upwind=j+2,940001410,832000000,20000030,110000165,60000090,19000285,0,0,100000150,0,0,0,20000030,40000060,2990004485,2500003750,0,0,0,0,0,0,0,330000495,0,0,0,0,0,0,0,0,0,470,260,2,0,11,6,0,19,0,0,10,0,0,0,2,4,299,250,0,0,0,0,0,0,0,33,0,0,0,0,0,0,0,0,0
216,            donor=j+1,1350002025,1296000000,120000180,330000495,220000330,30000450,0,0,220000330,0,0,0,50000075,140000210,3550005325,3080004620,0,250105,0,0,0,0,0,50000075,0,0,0,0,1750735,0,0,0,0,675,405,12,0,33,22,0,30,0,0,22,0,0,0,5,14,355,308,0,1,0,0,0,0,0,5,0,0,0,0,1,0,0,0,0
217,            downwind=j,,,,,,,,,,,,,,,,,,,,,,,,,,,,,,,,,,,,,,,,,,,,,,,,,,,,,,,,,,,,,,,,,,,,
218,            dif=donor,,,,,,,,,,,,,,,,,,,,,,,,,,,,,,,,,,,,,,,,,,,,,,,,,,,,,,,,,,,,,,,,,,,,
219,          ELSE,,,,,,,,,,,,,,,,,,,,,,,,,,,,,,,,,,,,,,,,,,,,,,,,,,,,,,,,,,,,,,,,,,,,
220,            upwind=j-1,220000330,211200000,10000015,60000090,60000090,12000180,0,0,50000075,0,0,0,10000015,10000015,660000990,750001125,0,0,250105,0,0,0,0,0,0,0,0,0,0,0,0,0,0,110,66,1,0,6,6,0,12,0,0,5,0,0,0,1,1,66,75,0,0,1,0,0,0,0,0,0,0,0,0,0,0,0,0,0
221,            donor=j,,,,,,,,,,,,,,,,,,,,,,,,,,,,,,,,,,,,,,,,,,,,,,,,,,,,,,,,,,,,,,,,,,,,
222,            downwind=j+1,168000252,140800000,0,20000030,20000030,2000030,0,0,20000030,0,0,0,0,10000015,580000870,350000525,0,0,0,0,0,0,0,10000015,0,0,0,0,0,0,0,0,0,84,44,0,0,2,2,0,2,0,0,2,0,0,0,0,1,58,35,0,0,0,0,0,0,0,1,0,0,0,0,0,0,0,0,0
223,            dif=upwind,,,,,,,,,,,,,,,,,,,,,,,,,,,,,,,,,,,,,,,,,,,,,,,,,,,,,,,,,,,,,,,,,,,,
224,          ENDIF,,,,,,,,,,,,,,,,,,,,,,,,,,,,,,,,,,,,,,,,,,,,,,,,,,,,,,,,,,,,,,,,,,,,
225,"          sigma=ABS(node_flux(j,k,l))/(node_mass_pre(donor,k,l))",7850011775,7561600000,3800005700,3760005640,3760005640,135002025,0,0,4070006105,6500195,280000420,38001140,20000030,60000090,12190018285,10980016470,18500555,8003360,750315,2500150,500015,3250195,340001020,200000300,0,189505685,6695020085,19251155,329388285,2300003450,346510395,92002760,220263215,3925,2363,380,0,376,376,0,135,0,0,407,13,28,76,2,6,1219,1098,37,32,3,10,1,13,68,20,0,37,68,10,32,28,76,13,13
226,          width=celldx(j),1068001602,918400000,120000180,180000270,60000090,36000540,0,0,120000180,0,40000060,500015,10000015,70000105,3180004770,2840004260,0,250105,0,0,0,0,30000090,0,229003435,0,195000585,0,2000840,290000435,3500105,0,0,534,287,12,0,18,6,0,36,0,0,12,0,4,1,1,7,318,284,0,1,0,0,0,0,6,0,229,0,6,0,1,4,1,0,0
227,"          vdiffuw=vel1(donor,k,l)-vel1(upwind,k,l)",4360006540,4118400000,1840002760,1980002970,1900002850,128001920,0,0,2020003030,3000090,520000780,7000210,160000240,90000135,6120009180,6240009360,3000090,3251365,500210,1250075,6000180,1500090,420001260,120000180,41000615,21000630,4915014745,8750525,25010500,4340006510,53001590,21500645,10500630,2180,1287,184,0,198,190,0,128,0,0,202,6,52,14,16,9,612,624,6,13,2,5,12,6,84,12,41,6,84,5,13,52,14,6,6
228,"          vdiffdw=vel1(downwind,k,l)-vel1(donor,k,l)",3552005328,3577600000,1940002910,2270003405,2050003075,57000855,0,0,2200003300,1000030,1190001785,4500135,50000075,20000030,2620003930,2420003630,3000090,1750735,250105,750045,0,750045,790002370,70000105,1805027075,29000870,6870020610,5000300,14255985,10420015630,32000960,6500195,6750405,1776,1118,194,0,227,205,0,57,0,0,220,2,119,9,5,2,262,242,6,7,1,3,0,3,158,7,1805,6,158,3,7,119,9,2,3
229,          limiter=0.0,54000081,32000000,40000060,30000045,60000090,1000015,0,0,50000075,0,0,0,0,0,20000030,30000045,0,0,0,0,0,0,0,0,0,0,0,0,0,0,0,0,0,27,10,4,0,3,6,0,1,0,0,5,0,0,0,0,0,2,3,0,0,0,0,0,0,0,0,0,0,0,0,0,0,0,0,0
230,          IF(vdiffuw*vdiffdw.GT.0.0)THEN,2112003168,1939200000,90000135,360000540,210000315,54000810,0,0,120000180,0,0,0,10000015,30000045,2980004470,2350003525,0,0,0,0,0,0,0,70000105,0,0,0,0,0,0,0,0,0,1056,606,9,0,36,21,0,54,0,0,12,0,0,0,1,3,298,235,0,0,0,0,0,0,0,7,0,0,0,0,0,0,0,0,0
231,            auw=ABS(vdiffuw),58000087,57600000,20000030,10000015,30000045,0,0,0,20000030,0,1010001515,0,0,0,60000090,90000135,0,0,0,0,0,0,905002715,0,0,0,6865020595,0,0,8810013215,0,0,0,29,18,2,0,1,3,0,0,0,0,2,0,101,0,0,0,6,9,0,0,0,0,0,0,181,0,0,0,181,0,0,101,0,0,0
232,            adw=ABS(vdiffdw),672001008,636800000,0,80000120,40000060,12000180,0,0,30000045,0,0,0,0,10000015,120000180,210000315,0,0,0,0,0,0,5000015,10000015,0,0,35000105,0,0,0,0,0,0,336,199,0,0,8,4,0,12,0,0,3,0,0,0,0,1,12,21,0,0,0,0,0,0,1,1,0,0,1,0,0,0,0,0,0
233,            wind=1.0_8,790001185,780800000,10000015,120000180,90000135,9000135,0,0,50000075,0,0,0,0,0,920001380,760001140,0,0,0,0,0,0,0,0,0,0,0,0,0,0,0,0,0,395,244,1,0,12,9,0,9,0,0,5,0,0,0,0,0,92,76,0,0,0,0,0,0,0,0,0,0,0,0,0,0,0,0,0
234,            IF(vdiffdw.LE.0.0) wind=-1.0_8,1672002508,1712000000,20000030,100000150,30000045,28000420,0,0,80000120,0,770001155,0,0,20000030,1180001770,1250001875,0,0,0,0,0,0,760002280,0,0,0,6030018090,0,0,7060010590,0,0,0,836,535,2,0,10,3,0,28,0,0,8,0,77,0,0,2,118,125,0,0,0,0,0,0,152,0,0,0,152,0,0,77,0,0,0
235,"            limiter=wind*MIN(width*((2.0_8-sigma)*adw/width+(1.0_8+sigma)*auw/celldx(dif))/6.0_8,auw,adw)",19022028533,17734400000,410000615,2760004140,1400002100,248003720,0,0,2150003225,0,8430012645,0,30000045,200000300,24860037290,21980032970,0,0,7753255,0,3000090,0,7430022290,760001140,0,0,95455286365,0,0,73210109815,0,0,0,9511,5542,41,0,276,140,0,248,0,0,215,0,843,0,3,20,2486,2198,0,0,31,0,6,0,1486,76,0,0,1486,0,0,843,0,0,0
236,          ENDIF,,,,,,,,,,,,,,,,,,,,,,,,,,,,,,,,,,,,,,,,,,,,,,,,,,,,,,,,,,,,,,,,,,,,
237,"          advec_vel_s=vel1(donor,k,l)+(1.0-sigma)*limiter",7224010836,6822400000,150000225,1190001785,550000825,147002205,0,0,1190001785,0,0,500015,150000225,190000285,20330030495,17890026835,0,0,250105,0,1000030,0,15000045,1190001785,9000135,0,170000510,0,0,0,3500105,0,0,3612,2132,15,0,119,55,0,147,0,0,119,0,0,1,15,19,2033,1789,0,0,1,0,2,0,3,119,9,0,3,0,0,0,1,0,0
238,"          mom_flux(j,k,l)=advec_vel_s*node_flux(j,k,l)",7038010557,6780800000,240000360,1720002580,790001185,120001800,0,0,1360002040,0,140000210,1000030,230000345,230000345,26170039255,22880034320,500015,250105,250105,250015,1500045,0,150000450,730001095,1846027690,3500105,1435004305,1750105,1750735,980001470,7000210,0,0,3519,2119,24,0,172,79,0,120,0,0,136,0,14,2,23,23,2617,2288,1,1,1,1,3,0,30,73,1846,1,30,1,1,14,2,0,0
239,        ENDDO,,,,,,,,,,,,,,,,,,,,,,,,,,,,,,,,,,,,,,,,,,,,,,,,,,,,,,,,,,,,,,,,,,,,
240,      ENDDO,,,,,,,,,,,,,,,,,,,,,,,,,,,,,,,,,,,,,,,,,,,,,,,,,,,,,,,,,,,,,,,,,,,,
241,    ENDDO,,,,,,,,,,,,,,,,,,,,,,,,,,,,,,,,,,,,,,,,,,,,,,,,,,,,,,,,,,,,,,,,,,,,
242,!$OMP END DO,,,,,,,,,,,,,,,,,,,,,,,,,,,,,,,,,,,,,,,,,,,,,,,,,,,,,,,,,,,,,,,,,,,,
243,,,,,,,,,,,,,,,,,,,,,,,,,,,,,,,,,,,,,,,,,,,,,,,,,,,,,,,,,,,,,,,,,,,,,
244,!$OMP DO,0,3200000,0,0,0,0,0,0,0,0,0,0,0,0,0,0,0,0,0,0,0,0,0,0,1000015,0,0,0,0,0,0,0,0,0,1,0,0,0,0,0,0,0,0,0,0,0,0,0,0,0,0,0,0,0,0,0,0,0,0,1,0,0,0,0,0,0,0,0
245,"    DO l=z_min,z_max+1",2000003,9600000,0,10000015,0,0,0,0,10000015,0,0,0,0,0,0,0,0,0,0,0,0,0,0,0,0,0,0,0,0,0,0,0,0,1,3,0,0,1,0,0,0,0,0,1,0,0,0,0,0,0,0,0,0,0,0,0,0,0,0,0,0,0,0,0,0,0,0,0
246,"      DO k=y_min,y_max+1",28000042,12800000,10000015,20000030,20000030,2000030,0,0,30000045,0,80000120,0,0,0,10000015,10000015,0,250105,0,0,0,0,15000045,0,0,0,4980014940,0,1750735,5100007650,0,0,0,14,4,1,0,2,2,0,2,0,0,3,0,8,0,0,0,1,1,0,1,0,0,0,0,3,0,0,0,3,0,1,8,0,0,0
247,"        DO j=x_min,x_max+1",348000522,377600000,110000165,180000270,130000195,14000210,0,0,130000195,0,30000045,0,0,0,230000345,60000090,0,0,750315,0,500015,0,10000030,10000015,0,0,1905005715,0,0,3990005985,0,0,0,174,118,11,0,18,13,0,14,0,0,13,0,3,0,0,0,23,6,0,0,3,0,1,0,2,1,0,0,2,0,0,3,0,0,0
248,"          vel1 (j,k,l)=(vel1 (j,k,l)*node_mass_pre(j,k,l)+mom_flux(j-1,k,l)-mom_flux(j,k,l))/node_mass_post(j,k,l)",53548080322,51292800000,42030063045,42980064470,42240063360,1140017100,0,0,45110067665,88002640,4460006690,215006450,0,420000630,17490026235,11650017475,89502685,131555230,36015120,35002100,86002580,90255415,7030021090,1020001530,927013905,10385311550,1002198006585,3281946905,20434328815,534140801210,28732861960,18633058975,16337730205,26774,16029,4203,0,4298,4224,0,1140,0,0,4511,176,446,430,0,42,1749,1165,179,526,144,140,172,361,1406,102,927,179,1406,140,525,446,428,176,361
249,        ENDDO,,,,,,,,,,,,,,,,,,,,,,,,,,,,,,,,,,,,,,,,,,,,,,,,,,,,,,,,,,,,,,,,,,,,
250,      ENDDO,,,,,,,,,,,,,,,,,,,,,,,,,,,,,,,,,,,,,,,,,,,,,,,,,,,,,,,,,,,,,,,,,,,,
251,    ENDDO,,,,,,,,,,,,,,,,,,,,,,,,,,,,,,,,,,,,,,,,,,,,,,,,,,,,,,,,,,,,,,,,,,,,
252,!$OMP END DO,,,,,,,,,,,,,,,,,,,,,,,,,,,,,,,,,,,,,,,,,,,,,,,,,,,,,,,,,,,,,,,,,,,,
253,  ELSEIF(direction.EQ.2)THEN,,,,,,,,,,,,,,,,,,,,,,,,,,,,,,,,,,,,,,,,,,,,,,,,,,,,,,,,,,,,,,,,,,,,
254,    IF(which_vel.EQ.1)THEN,,,,,,,,,,,,,,,,,,,,,,,,,,,,,,,,,,,,,,,,,,,,,,,,,,,,,,,,,,,,,,,,,,,,
255,!$OMP DO,0,3200000,0,0,0,0,0,0,0,0,0,0,0,0,0,0,0,0,0,0,0,0,0,0,0,0,0,0,0,0,0,0,0,0,1,0,0,0,0,0,0,0,0,0,0,0,0,0,0,0,0,0,0,0,0,0,0,0,0,0,0,0,0,0,0,0,0,0
256,"      DO l=z_min,z_max+1",0,0,10000015,0,10000015,0,0,0,0,0,0,0,0,30000045,10000015,0,0,0,0,250015,0,0,0,0,0,0,0,58503510,0,0,0,0,0,0,0,1,0,0,1,0,0,0,0,0,0,0,0,0,3,1,0,0,0,0,1,0,0,0,0,0,0,0,1,0,0,0,0,0
257,"        DO k=y_min-2,y_max+2",10000015,9600000,0,0,0,1000015,0,0,0,0,60000090,0,0,0,30000045,10000015,0,0,0,0,0,0,25000075,10000015,0,0,2905008715,0,0,520000780,0,0,0,5,3,0,0,0,0,0,1,0,0,0,0,6,0,0,0,3,1,0,0,0,0,0,0,5,1,0,0,5,0,0,6,0,0,0
258,"          DO j=x_min,x_max+1",152000228,134400000,10000015,40000060,30000045,6000090,0,0,20000030,0,0,0,0,0,350000525,260000390,0,0,0,0,0,0,10000030,0,0,0,95000285,0,0,0,0,0,0,76,42,1,0,4,3,0,6,0,0,2,0,0,0,0,0,35,26,0,0,0,0,0,0,2,0,0,0,2,0,0,0,0,0,0
259,            ! Find staggered mesh mass fluxes and nodal masses and volumes.,,,,,,,,,,,,,,,,,,,,,,,,,,,,,,,,,,,,,,,,,,,,,,,,,,,,,,,,,,,,,,,,,,,,
260,"            node_flux(j,k,l)=0.125_8*(mass_flux_y(j-1,k  ,l  )+mass_flux_y(j  ,k  ,l  ) &",1262001893,1200000000,320000480,480000720,330000495,70001050,0,0,210000315,0,1830002745,0,10000015,40000060,3040004560,2160003240,0,0,1500630,0,1500045,0,1470004410,70000105,292004380,0,73955221865,0,0,81060121590,0,0,0,631,375,32,0,48,33,0,70,0,0,21,0,183,0,1,4,304,216,0,0,6,0,3,0,294,7,292,0,294,0,0,183,0,0,0
261,"                                     +mass_flux_y(j-1,k+1,l  )+mass_flux_y(j  ,k+1,l  ) &",7242010863,6982400000,6650009975,6570009855,6330009495,160002400,0,0,6350009525,3500105,650000975,12500375,10000015,50000075,3710005565,2760004140,6500195,4001680,1250525,2000120,0,1000060,910002730,150000225,0,120503615,36360109080,23501410,465445405,19000028500,293008790,430512915,8500510,3621,2182,665,0,657,633,0,160,0,0,635,7,65,25,1,5,371,276,13,16,5,8,0,4,182,15,0,13,182,8,16,65,25,7,4
262,"                                     +mass_flux_y(j-1,k  ,l-1)+mass_flux_y(j  ,k  ,l-1) &",766001149,755200000,290000435,270000405,340000510,30000450,0,0,260000390,0,630000945,500015,0,0,1710002565,1510002265,0,0,250105,0,0,0,660001980,40000060,0,0,21295063885,0,0,52780079170,60501815,0,0,383,236,29,0,27,34,0,30,0,0,26,0,63,1,0,0,171,151,0,0,1,0,0,0,132,4,0,0,132,0,0,63,1,0,0
263,"                                     +mass_flux_y(j-1,k+1,l-1)+mass_flux_y(j  ,k+1,l-1))",1518002277,1401600000,770001155,1040001560,590000885,45000675,0,0,640000960,0,1270001905,11000330,0,20000030,2670004005,1780002670,6000180,4251785,1500630,1500090,1500045,0,1675005025,40000060,0,83502505,71345214035,11500690,120550610,32040048060,397511925,0,0,759,438,77,0,104,59,0,45,0,0,64,0,127,22,0,2,267,178,12,17,6,6,3,0,335,4,0,12,335,6,17,127,22,0,0
264,          ENDDO,,,,,,,,,,,,,,,,,,,,,,,,,,,,,,,,,,,,,,,,,,,,,,,,,,,,,,,,,,,,,,,,,,,,
265,        ENDDO,,,,,,,,,,,,,,,,,,,,,,,,,,,,,,,,,,,,,,,,,,,,,,,,,,,,,,,,,,,,,,,,,,,,
266,      ENDDO,,,,,,,,,,,,,,,,,,,,,,,,,,,,,,,,,,,,,,,,,,,,,,,,,,,,,,,,,,,,,,,,,,,,
267,!$OMP END DO,,,,,,,,,,,,,,,,,,,,,,,,,,,,,,,,,,,,,,,,,,,,,,,,,,,,,,,,,,,,,,,,,,,,
268,!$OMP DO,,,,,,,,,,,,,,,,,,,,,,,,,,,,,,,,,,,,,,,,,,,,,,,,,,,,,,,,,,,,,,,,,,,,
269,"      DO l=z_min,z_max+1",4000006,3200000,0,0,0,0,0,0,0,0,0,0,0,0,0,0,500015,0,0,0,0,0,0,0,0,3500105,0,0,0,0,0,0,0,2,1,0,0,0,0,0,0,0,0,0,0,0,0,0,0,0,0,1,0,0,0,0,0,0,0,0,1,0,0,0,0,0,0,0
270,"        DO k=y_min-1,y_max+2",6000009,16000000,20000030,0,0,0,0,0,30000045,0,50000075,0,0,10000015,30000045,30000045,0,0,0,0,0,0,85000255,0,0,0,640001920,0,0,410000615,0,0,0,3,5,2,0,0,0,0,0,0,0,3,0,5,0,0,1,3,3,0,0,0,0,0,0,17,0,0,0,17,0,0,5,0,0,0
271,"          DO j=x_min,x_max+1",432000648,432000000,100000150,170000255,160000240,27000405,0,0,130000195,0,10000015,0,0,30000045,620000930,540000810,0,0,0,0,0,0,20000060,10000015,0,0,160000480,0,0,70000105,0,0,0,216,135,10,0,17,16,0,27,0,0,13,0,1,0,0,3,62,54,0,0,0,0,0,0,4,1,0,0,4,0,0,1,0,0,0
272,"            node_mass_post(j,k,l)=0.125_8*(density1(j  ,k-1,l  )*post_vol(j  ,k-1,l  )                     &",3702005553,3222400000,2070003105,2010003015,2100003150,141002115,0,0,1690002535,0,5680008520,0,0,20000030,5590008385,4410006615,0,250105,1000420,0,2000060,250015,5450016350,130000195,271004065,0,69065207195,0,2250945,78040117060,0,0,1750105,1851,1007,207,0,201,210,0,141,0,0,169,0,568,0,0,2,559,441,0,1,4,0,4,1,1090,13,271,0,1090,0,1,568,0,0,1
273,"                                          +density1(j  ,k  ,l  )*post_vol(j  ,k  ,l  )                     &",6744010116,6595200000,5910008865,5970008955,6320009480,152002280,0,0,5740008610,500015,250000375,11500345,0,20000030,3010004515,2240003360,6500195,4751995,1250525,1500090,0,3000180,565001695,10000015,0,94002820,11970035910,13500810,530472705,1950002925,210006300,116003480,38752325,3372,2061,591,0,597,632,0,152,0,0,574,1,25,23,0,2,301,224,13,19,5,6,0,12,113,1,0,13,113,6,19,25,23,1,12
274,"                                          +density1(j-1,k-1,l  )*post_vol(j-1,k-1,l  )                     &",730001095,803200000,330000495,280000420,280000420,42000630,0,0,180000270,0,1090001635,0,0,10000015,1850002775,1560002340,0,0,250105,0,0,0,1055003165,120000180,1000015,0,15460046380,0,0,8880013320,0,0,0,365,251,33,0,28,28,0,42,0,0,18,0,109,0,0,1,185,156,0,0,1,0,0,0,211,12,1,0,211,0,0,109,0,0,0
275,"                                          +density1(j-1,k  ,l  )*post_vol(j-1,k  ,l  )                     &",470000705,492800000,80000120,90000135,90000135,30000450,0,0,90000135,0,990001485,0,0,10000015,1580002370,1090001635,0,250105,750315,0,0,0,815002445,20000030,0,0,10225030675,0,4751995,41790062685,0,0,0,235,154,8,0,9,9,0,30,0,0,9,0,99,0,0,1,158,109,0,1,3,0,0,0,163,2,0,0,163,0,1,99,0,0,0
276,"                                          +density1(j  ,k-1,l-1)*post_vol(j  ,k-1,l-1)                     &",724001086,700800000,120000180,190000285,60000090,36000540,0,0,110000165,0,480000720,0,0,20000030,2610003915,1690002535,0,250105,1750735,0,500015,0,515001545,0,0,0,6920020760,0,1750735,8950013425,0,0,0,362,219,12,0,19,6,0,36,0,0,11,0,48,0,0,2,261,169,0,1,7,0,1,0,103,0,0,0,103,0,1,48,0,0,0
277,"                                          +density1(j  ,k  ,l-1)*post_vol(j  ,k  ,l-1)                     &",1460002190,1427200000,970001455,1070001605,1010001515,40000600,0,0,1000001500,500015,540000810,10500315,0,10000015,1690002535,1080001620,3500105,1750735,1000420,3250195,0,250015,615001845,0,0,54501635,21375064125,29751785,20008400,5480008220,86002580,3500105,1750105,730,446,97,0,107,101,0,40,0,0,100,1,54,21,0,1,169,108,7,7,4,13,0,1,123,0,0,7,123,13,7,54,21,1,1
278,"                                          +density1(j-1,k-1,l-1)*post_vol(j-1,k-1,l-1)                     &",726001089,729600000,80000120,120000180,100000150,49000735,0,0,100000150,0,470000705,0,0,0,2100003150,1750002625,0,0,250105,0,0,0,305000915,10000015,0,0,3250009750,0,0,15960023940,0,0,0,363,228,8,0,12,10,0,49,0,0,10,0,47,0,0,0,210,175,0,0,1,0,0,0,61,1,0,0,61,0,0,47,0,0,0
279,"                                          +density1(j-1,k  ,l-1)*post_vol(j-1,k  ,l-1))",824001236,816000000,100000150,210000315,130000195,56000840,0,0,140000210,0,410000615,0,0,20000030,3030004545,2450003675,0,0,0,0,0,0,425001275,40000060,0,0,11995035985,0,0,6180009270,0,0,0,412,255,10,0,21,13,0,56,0,0,14,0,41,0,0,2,303,245,0,0,0,0,0,0,85,4,0,0,85,0,0,41,0,0,0
280,          ENDDO,,,,,,,,,,,,,,,,,,,,,,,,,,,,,,,,,,,,,,,,,,,,,,,,,,,,,,,,,,,,,,,,,,,,
281,        ENDDO,,,,,,,,,,,,,,,,,,,,,,,,,,,,,,,,,,,,,,,,,,,,,,,,,,,,,,,,,,,,,,,,,,,,
282,      ENDDO,,,,,,,,,,,,,,,,,,,,,,,,,,,,,,,,,,,,,,,,,,,,,,,,,,,,,,,,,,,,,,,,,,,,
283,!$OMP END DO,,,,,,,,,,,,,,,,,,,,,,,,,,,,,,,,,,,,,,,,,,,,,,,,,,,,,,,,,,,,,,,,,,,,
284,!$OMP DO,,,,,,,,,,,,,,,,,,,,,,,,,,,,,,,,,,,,,,,,,,,,,,,,,,,,,,,,,,,,,,,,,,,,
285,"      DO l=z_min,z_max+1",2000003,3200000,0,0,10000015,0,0,0,0,0,0,0,0,0,0,0,0,0,0,0,0,0,5000015,0,0,0,35000105,0,0,0,0,0,0,1,1,0,0,0,1,0,0,0,0,0,0,0,0,0,0,0,0,0,0,0,0,0,0,1,0,0,0,1,0,0,0,0,0,0
286,"        DO k=y_min-1,y_max+2",14000021,16000000,10000015,0,0,1000015,0,0,0,0,50000075,0,0,0,30000045,0,0,250105,250105,250015,0,0,10000030,0,0,0,305000915,2000120,2000840,1250001875,0,0,0,7,5,1,0,0,0,0,1,0,0,0,0,5,0,0,0,3,0,0,1,1,1,0,0,2,0,0,0,2,1,1,5,0,0,0
287,"          DO j=x_min,x_max+1",92000138,118400000,60000090,90000135,50000075,4000060,0,0,30000045,0,0,0,0,10000015,50000075,70000105,0,0,250105,0,1500045,0,5000015,0,0,0,5360016080,0,0,0,0,0,0,46,37,6,0,9,5,0,4,0,0,3,0,0,0,0,1,5,7,0,0,1,0,3,0,1,0,0,0,1,0,0,0,0,0,0
288,"            node_mass_pre(j,k,l)=node_mass_post(j,k,l)-node_flux(j,k-1,l)+node_flux(j,k,l)",13574020361,13008000000,12730019095,13160019740,12770019155,364005460,0,0,11860017790,42001260,930001395,98002940,30000045,80000120,4010006015,2650003975,17500525,77282445,27011340,28501710,43501305,47002820,1460004380,320000480,275004125,2228566855,268470805410,3613966825,15842401015,208520312780,14901947045,12452873575,10008850495,6787,4065,1273,0,1316,1277,0,364,0,0,1186,84,93,196,3,8,401,265,35,309,108,114,87,188,292,32,275,34,292,114,309,93,196,84,187
289,          ENDDO,,,,,,,,,,,,,,,,,,,,,,,,,,,,,,,,,,,,,,,,,,,,,,,,,,,,,,,,,,,,,,,,,,,,
290,        ENDDO,,,,,,,,,,,,,,,,,,,,,,,,,,,,,,,,,,,,,,,,,,,,,,,,,,,,,,,,,,,,,,,,,,,,
291,      ENDDO,,,,,,,,,,,,,,,,,,,,,,,,,,,,,,,,,,,,,,,,,,,,,,,,,,,,,,,,,,,,,,,,,,,,
292,!$OMP END DO,,,,,,,,,,,,,,,,,,,,,,,,,,,,,,,,,,,,,,,,,,,,,,,,,,,,,,,,,,,,,,,,,,,,
293,    ENDIF,,,,,,,,,,,,,,,,,,,,,,,,,,,,,,,,,,,,,,,,,,,,,,,,,,,,,,,,,,,,,,,,,,,,
294,"!$OMP DO PRIVATE(upwind,donor,downwind,dif,sigma,width,limiter,vdiffuw,vdiffdw,auw,adw,wind)",0,0,0,10000015,10000015,0,0,0,0,0,0,0,0,0,0,0,0,0,0,0,0,0,0,0,0,0,0,0,0,0,0,0,0,0,0,0,0,1,1,0,0,0,0,0,0,0,0,0,0,0,0,0,0,0,0,0,0,0,0,0,0,0,0,0,0,0,0,0
295,"    DO l=z_min,z_max+1",16000024,6400000,0,0,0,0,0,0,0,0,0,0,0,0,0,0,0,0,0,0,0,0,0,0,0,0,0,0,0,0,0,0,0,8,2,0,0,0,0,0,0,0,0,0,0,0,0,0,0,0,0,0,0,0,0,0,0,0,0,0,0,0,0,0,0,0,0,0
296,"      DO k=y_min-1,y_max+1",30000045,38400000,20000030,10000015,0,3000045,0,0,10000015,0,10000015,500015,0,10000015,80000120,100000150,0,0,0,0,0,0,15000045,0,0,0,95000285,0,0,70000105,3500105,0,0,15,12,2,0,1,0,0,3,0,0,1,0,1,1,0,1,8,10,0,0,0,0,0,0,3,0,0,0,3,0,0,1,1,0,0
297,"        DO j=x_min,x_max+1",1660002490,1568000000,120000180,490000735,230000345,32000480,0,0,210000315,0,0,0,0,140000210,4200006300,3990005985,0,0,500210,0,500015,0,5000015,30000045,0,0,35000105,0,0,0,0,0,0,830,490,12,0,49,23,0,32,0,0,21,0,0,0,0,14,420,399,0,0,2,0,1,0,1,3,0,0,1,0,0,0,0,0,0
298,"          IF(node_flux(j,k,l).LT.0.0)THEN",4568006852,4336000000,2300003450,3110004665,2500003750,61000915,0,0,2850004275,2500075,12570018855,3000090,0,30000045,5190007785,4080006120,1500045,1000420,1250525,750045,500015,1750105,10440031320,90000135,1000015,165504965,103170309510,5250315,6752835,115580173370,20000600,273008190,12000720,2284,1355,230,0,311,250,0,61,0,0,285,5,1257,6,0,3,519,408,3,4,5,3,1,7,2088,9,1,3,2088,3,4,1257,6,5,7
299,            upwind=k+2,52000078,54400000,20000030,0,10000015,2000030,0,0,10000015,0,150000225,0,0,0,30000045,0,0,0,0,0,0,0,105000315,0,0,0,735002205,0,0,990001485,0,0,0,26,17,2,0,0,1,0,2,0,0,1,0,15,0,0,0,3,0,0,0,0,0,0,0,21,0,0,0,21,0,0,15,0,0,0
300,            donor=k+1,102000153,76800000,0,0,10000015,1000015,0,0,10000015,0,0,0,0,0,40000060,50000075,0,0,0,0,0,0,0,0,0,0,0,0,0,0,0,0,0,51,24,0,0,0,1,0,1,0,0,1,0,0,0,0,0,4,5,0,0,0,0,0,0,0,0,0,0,0,0,0,0,0,0,0
301,            downwind=k,184000276,166400000,0,0,0,5000075,0,0,0,0,370000555,0,0,0,10000015,20000030,0,0,0,0,0,0,220000660,0,0,0,1530004590,0,0,2520003780,0,0,0,92,52,0,0,0,0,0,5,0,0,0,0,37,0,0,0,1,2,0,0,0,0,0,0,44,0,0,0,44,0,0,37,0,0,0
302,            dif=donor,454000681,451200000,0,50000075,20000030,11000165,0,0,90000135,0,0,0,0,0,1600002400,1410002115,0,0,250105,0,0,0,0,0,0,0,0,0,0,0,0,0,0,227,141,0,0,5,2,0,11,0,0,9,0,0,0,0,0,160,141,0,0,1,0,0,0,0,0,0,0,0,0,0,0,0,0,0
303,          ELSE,,,,,,,,,,,,,,,,,,,,,,,,,,,,,,,,,,,,,,,,,,,,,,,,,,,,,,,,,,,,,,,,,,,,
304,            upwind=k-1,94000141,102400000,0,60000090,0,5000075,0,0,10000015,0,80000120,0,0,10000015,140000210,130000195,0,0,0,0,0,0,85000255,0,14000210,0,585001755,0,0,510000765,0,0,0,47,32,0,0,6,0,0,5,0,0,1,0,8,0,0,1,14,13,0,0,0,0,0,0,17,0,14,0,17,0,0,8,0,0,0
305,            donor=k,22000033,44800000,10000015,0,0,3000045,0,0,0,0,480000720,0,0,10000015,20000030,30000045,0,0,0,0,0,0,390001170,0,0,0,7365022095,0,0,3340005010,0,0,0,11,14,1,0,0,0,0,3,0,0,0,0,48,0,0,1,2,3,0,0,0,0,0,0,78,0,0,0,78,0,0,48,0,0,0
306,            downwind=k+1,1052001578,928000000,0,50000075,50000075,20000300,0,0,50000075,0,0,0,0,0,3290004935,2730004095,0,0,0,0,0,0,0,10000015,0,0,0,0,0,0,0,0,0,526,290,0,0,5,5,0,20,0,0,5,0,0,0,0,0,329,273,0,0,0,0,0,0,0,1,0,0,0,0,0,0,0,0,0
307,            dif=upwind,158000237,176000000,0,0,0,3000045,0,0,0,0,1020001530,0,0,0,90000135,70000105,0,0,0,0,0,0,855002565,0,0,0,5975017925,0,0,7200010800,0,0,0,79,55,0,0,0,0,0,3,0,0,0,0,102,0,0,0,9,7,0,0,0,0,0,0,171,0,0,0,171,0,0,102,0,0,0
308,          ENDIF,,,,,,,,,,,,,,,,,,,,,,,,,,,,,,,,,,,,,,,,,,,,,,,,,,,,,,,,,,,,,,,,,,,,
309,,,,,,,,,,,,,,,,,,,,,,,,,,,,,,,,,,,,,,,,,,,,,,,,,,,,,,,,,,,,,,,,,,,,,
310,"          sigma=ABS(node_flux(j,k,l))/(node_mass_pre(j,donor,l))",4166006249,3913600000,1520002280,1560002340,1350002025,98001470,0,0,1470002205,9500285,3260004890,29500885,0,20000030,7860011790,7090010635,16500495,9003780,0,3500210,500015,3750225,3390010170,20000030,0,112003360,55170165510,24001440,68028560,26480039720,405012150,64001920,25501530,2083,1223,152,0,156,135,0,98,0,0,147,19,326,59,0,2,786,709,33,36,0,14,1,15,678,2,0,33,678,14,36,326,59,19,15
311,          width=celldy(k),8000012,0,0,10000015,10000015,0,0,0,0,0,0,3000090,0,0,0,0,1000030,750315,0,0,0,0,10000030,0,0,7000210,70000210,0,5752415,0,21000630,0,0,4,0,0,0,1,1,0,0,0,0,0,0,0,6,0,0,0,0,2,3,0,0,0,0,2,0,0,2,2,0,3,0,6,0,0
312,"          vdiffuw=vel1(j,donor,l)-vel1(j,upwind,l)",8666012999,8444800000,5130007695,5670008505,5110007665,178002670,0,0,4900007350,1000030,1440002160,7000210,0,200000300,8570012855,7090010635,4000120,2501050,500210,1750105,1000030,2750165,1355004065,80000120,0,133003990,9555028665,11750705,336641330,10010015015,48501455,7000210,39252355,4333,2639,513,0,567,511,0,178,0,0,490,2,144,14,0,20,857,709,8,10,2,7,2,11,271,8,0,8,271,7,10,144,14,2,10
313,"          vdiffdw=vel1(j,downwind,l)-vel1(j,donor,l)",1828002742,1785600000,20000030,240000360,80000120,49000735,0,0,160000240,0,60000090,1500045,0,10000015,3830005745,3520005280,0,1000420,0,0,0,500030,95000285,50000075,0,0,685002055,0,6752835,7960011940,10500315,0,3500210,914,558,2,0,24,8,0,49,0,0,16,0,6,3,0,1,383,352,0,4,0,0,0,2,19,5,0,0,19,0,4,6,3,0,2
314,          limiter=0.0,126000189,131200000,20000030,20000030,20000030,3000045,0,0,20000030,0,0,0,0,0,0,60000090,0,0,0,0,0,0,0,0,0,0,0,0,0,0,0,0,0,63,41,2,0,2,2,0,3,0,0,2,0,0,0,0,0,0,6,0,0,0,0,0,0,0,0,0,0,0,0,0,0,0,0,0
315,          IF(vdiffuw*vdiffdw.GT.0.0)THEN,3376005064,3129600000,1460002190,1680002520,1670002505,66000990,0,0,1730002595,0,0,0,0,50000075,1270001905,1290001935,0,0,0,0,0,0,0,10000015,0,0,0,0,0,0,0,0,0,1688,978,146,0,168,167,0,66,0,0,173,0,0,0,0,5,127,129,0,0,0,0,0,0,0,1,0,0,0,0,0,0,0,0,0
316,            auw=ABS(vdiffuw),96000144,80000000,10000015,20000030,0,2000030,0,0,0,0,10000015,0,0,0,20000030,10000015,0,0,0,0,0,0,10000030,0,0,0,70000210,0,0,70000105,0,0,0,48,25,1,0,2,0,0,2,0,0,0,0,1,0,0,0,2,1,0,0,0,0,0,0,2,0,0,0,2,0,0,1,0,0,0
317,            adw=ABS(vdiffdw),616000924,588800000,0,80000120,20000030,9000135,0,0,10000015,0,1100001650,0,0,0,190000285,130000195,0,0,0,0,0,0,1180003540,10000015,0,0,8180024540,0,0,7770011655,0,0,0,308,184,0,0,8,2,0,9,0,0,1,0,110,0,0,0,19,13,0,0,0,0,0,0,236,1,0,0,236,0,0,110,0,0,0
318,            wind=1.0_8,,,,,,,,,,,,,,,,,,,,,,,,,,,,,,,,,,,,,,,,,,,,,,,,,,,,,,,,,,,,,,,,,,,,
319,            IF(vdiffdw.LE.0.0) wind=-1.0_8,,,,,,,,,,,,,,,,,,,,,,,,,,,,,,,,,,,,,,,,,,,,,,,,,,,,,,,,,,,,,,,,,,,,
320,"            limiter=wind*MIN(width*((2.0_8-sigma)*adw/width+(1.0_8+sigma)*auw/celldy(dif))/6.0_8,auw,adw)",18922028383,18137600000,350000525,1490002235,830001245,384005760,0,0,1280001920,500015,3780005670,1500045,0,170000255,21980032970,19670029505,500015,250105,2501050,0,4000120,250015,3585010755,300000450,0,3000090,36200108600,0,1750735,29570044355,9500285,0,0,9461,5668,35,0,149,83,0,384,0,0,128,1,378,3,0,17,2198,1967,1,1,10,0,8,1,717,30,0,1,717,0,1,378,2,0,0
321,          ENDIF,,,,,,,,,,,,,,,,,,,,,,,,,,,,,,,,,,,,,,,,,,,,,,,,,,,,,,,,,,,,,,,,,,,,
322,"          advec_vel_s=vel1(j,donor,l)+(1.0_8-sigma)*limiter",9684014526,9008000000,240000360,1750002625,630000945,149002235,0,0,860001290,0,170000255,0,10000015,50000075,34270051405,29890044835,0,250105,2751155,250015,1500045,0,130000390,730001095,2000030,0,1060003180,1500090,1750735,1170001755,0,0,0,4842,2815,24,0,175,63,0,149,0,0,86,0,17,0,1,5,3427,2989,0,1,11,1,3,0,26,73,2,0,26,1,1,17,0,0,0
323,"          mom_flux(j,k,l)=advec_vel_s*node_flux(j,k,l)",7784011676,7657600000,70000105,1160001740,370000555,168002520,0,0,980001470,0,0,0,20000030,90000135,28080042120,25970038955,0,0,1250525,0,500015,0,10000030,720001080,1660024900,0,70000210,0,0,0,0,0,0,3892,2393,7,0,116,37,0,168,0,0,98,0,0,0,2,9,2808,2597,0,0,5,0,1,0,2,72,1660,0,2,0,0,0,0,0,0
324,        ENDDO,,,,,,,,,,,,,,,,,,,,,,,,,,,,,,,,,,,,,,,,,,,,,,,,,,,,,,,,,,,,,,,,,,,,
325,      ENDDO,48000072,60800000,0,20000030,10000015,1000015,0,0,0,0,0,0,0,10000015,130000195,140000210,0,0,0,0,0,0,5000015,0,0,0,35000105,0,0,0,0,0,0,24,19,0,0,2,1,0,1,0,0,0,0,0,0,0,1,13,14,0,0,0,0,0,0,1,0,0,0,1,0,0,0,0,0,0
326,    ENDDO,,,,,,,,,,,,,,,,,,,,,,,,,,,,,,,,,,,,,,,,,,,,,,,,,,,,,,,,,,,,,,,,,,,,
327,!$OMP END DO,,,,,,,,,,,,,,,,,,,,,,,,,,,,,,,,,,,,,,,,,,,,,,,,,,,,,,,,,,,,,,,,,,,,
328, ,,,,,,,,,,,,,,,,,,,,,,,,,,,,,,,,,,,,,,,,,,,,,,,,,,,,,,,,,,,,,,,,,,,,
329,!$OMP DO,2000003,0,0,0,0,0,0,0,0,0,0,0,0,0,0,0,0,0,0,0,0,0,0,0,0,0,0,0,0,0,0,0,0,1,0,0,0,0,0,0,0,0,0,0,0,0,0,0,0,0,0,0,0,0,0,0,0,0,0,0,0,0,0,0,0,0,0,0
330,"    DO l=z_min,z_max+1",4000006,9600000,0,0,10000015,0,0,0,0,0,0,0,0,0,0,0,0,0,0,0,0,0,0,0,0,0,0,0,0,0,0,0,0,2,3,0,0,0,1,0,0,0,0,0,0,0,0,0,0,0,0,0,0,0,0,0,0,0,0,0,0,0,0,0,0,0,0,0
331,"      DO k=y_min,y_max+1",24000036,16000000,0,20000030,30000045,1000015,0,0,0,0,140000210,0,0,10000015,20000030,20000030,0,0,0,250015,0,0,0,0,0,0,0,91755505,0,15900023850,0,0,0,12,5,0,0,2,3,0,1,0,0,0,0,14,0,0,1,2,2,0,0,0,1,0,0,0,0,0,0,0,1,0,14,0,0,0
332,"        DO j=x_min,x_max+1",344000516,342400000,180000270,80000120,130000195,14000210,0,0,200000300,0,100000150,0,0,50000075,240000360,110000165,0,0,500210,0,500015,0,0,0,0,0,0,0,0,4520006780,0,0,0,172,107,18,0,8,13,0,14,0,0,20,0,10,0,0,5,24,11,0,0,2,0,1,0,0,0,0,0,0,0,0,10,0,0,0
333,"          vel1 (j,k,l)=(vel1(j,k,l)*node_mass_pre(j,k,l)+mom_flux(j,k-1,l)-mom_flux(j,k,l))/node_mass_post(j,k,l)",53316079974,50931200000,44460066690,46620069930,45480068220,1292019380,0,0,47710071565,112503375,5450008175,240007200,0,530000795,18410027615,12520018780,83002490,148062160,30262705,36502190,114003420,105506330,7390022170,730001095,788011820,7104713135,819162457480,3399703970,22762556260,587440881160,29640389185,15851475530,19730183740,26658,15916,4446,0,4662,4548,0,1292,0,0,4771,225,545,480,0,53,1841,1252,166,592,121,146,228,422,1478,73,788,166,1478,146,592,545,479,224,422
334,        ENDDO,,,,,,,,,,,,,,,,,,,,,,,,,,,,,,,,,,,,,,,,,,,,,,,,,,,,,,,,,,,,,,,,,,,,
335,      ENDDO,,,,,,,,,,,,,,,,,,,,,,,,,,,,,,,,,,,,,,,,,,,,,,,,,,,,,,,,,,,,,,,,,,,,
336,    ENDDO,,,,,,,,,,,,,,,,,,,,,,,,,,,,,,,,,,,,,,,,,,,,,,,,,,,,,,,,,,,,,,,,,,,,
337,!$OMP END DO,,,,,,,,,,,,,,,,,,,,,,,,,,,,,,,,,,,,,,,,,,,,,,,,,,,,,,,,,,,,,,,,,,,,
338,  ELSEIF(direction.EQ.3)THEN,,,,,,,,,,,,,,,,,,,,,,,,,,,,,,,,,,,,,,,,,,,,,,,,,,,,,,,,,,,,,,,,,,,,
339,    IF(which_vel.EQ.1) THEN,,,,,,,,,,,,,,,,,,,,,,,,,,,,,,,,,,,,,,,,,,,,,,,,,,,,,,,,,,,,,,,,,,,,
340,!$OMP DO,0,0,0,0,0,0,0,0,0,0,0,0,0,0,10000015,0,0,0,0,0,0,0,0,0,0,0,0,0,0,0,0,0,0,0,0,0,0,0,0,0,0,0,0,0,0,0,0,0,0,1,0,0,0,0,0,0,0,0,0,0,0,0,0,0,0,0,0,0
341,"      DO l=z_min-2,z_max+2",8000012,0,0,10000015,0,0,0,0,0,0,0,0,0,0,0,0,500015,0,0,0,0,0,0,0,0,3500105,0,0,0,0,0,0,0,4,0,0,0,1,0,0,0,0,0,0,0,0,0,0,0,0,0,1,0,0,0,0,0,0,0,0,1,0,0,0,0,0,0,0
342,"        DO k=y_min,y_max+1",14000021,16000000,0,0,0,1000015,0,0,10000015,0,50000075,0,0,0,20000030,0,0,0,0,0,0,0,25000075,0,0,0,205000615,0,0,1480002220,0,0,0,7,5,0,0,0,0,0,1,0,0,1,0,5,0,0,0,2,0,0,0,0,0,0,0,5,0,0,0,5,0,0,5,0,0,0
343,"          DO j=x_min,x_max+1",130000195,105600000,50000075,20000030,30000045,4000060,0,0,30000045,0,10000015,0,10000015,0,270000405,200000300,0,0,250105,0,0,0,5000015,10000015,0,0,35000105,0,0,8870013305,0,0,0,65,33,5,0,2,3,0,4,0,0,3,0,1,0,1,0,27,20,0,0,1,0,0,0,1,1,0,0,1,0,0,1,0,0,0
344,            ! Find staggered mesh mass fluxes and nodal masses and volumes.,,,,,,,,,,,,,,,,,,,,,,,,,,,,,,,,,,,,,,,,,,,,,,,,,,,,,,,,,,,,,,,,,,,,
345,"            node_flux(j,k,l)=0.125_8*(mass_flux_z(j-1,k  ,l  )+mass_flux_z(j  ,k  ,l  ) &",2162003243,2108800000,830001245,990001485,770001155,74001110,0,0,1140001710,1000030,1600002400,19500585,30000045,90000135,3620005430,2560003840,11500345,3251365,2501050,2500150,1500045,250015,1650004950,60000090,330004950,445513365,44915134745,55753345,92288745,87800131700,272508175,94002820,1750105,1081,659,83,0,99,77,0,74,0,0,114,2,160,39,3,9,362,256,23,13,10,10,3,1,330,6,330,23,330,10,13,160,39,2,1
346,"                                     +mass_flux_z(j-1,k  ,l+1)+mass_flux_z(j  ,k  ,l+1) &",7178010767,6803200000,5080007620,5490008235,5200007800,118001770,0,0,6120009180,4000120,770001155,8500255,10000015,20000030,4190006285,3200004800,4500135,6002520,2501050,5000300,500015,2500150,1015003045,80000120,0,339010170,31285093855,97005820,84785595,27260040890,196005880,323509705,68504110,3589,2126,508,0,549,520,0,118,0,0,612,8,77,17,1,2,419,320,9,24,10,20,1,10,203,8,0,9,203,20,24,77,17,8,10
347,"                                     +mass_flux_z(j-1,k-1,l  )+mass_flux_z(j  ,k-1,l  ) &",852001278,854400000,480000720,420000630,450000675,33000495,0,0,530000795,0,850001275,500015,0,0,1680002520,1040001560,0,0,1250525,0,500015,0,595001785,30000045,0,0,34625103875,0,0,25320037980,346010380,0,0,426,267,48,0,42,45,0,33,0,0,53,0,85,1,0,0,168,104,0,0,5,0,1,0,119,3,0,0,119,0,0,85,1,0,0
348,"                                     +mass_flux_z(j-1,k-1,l+1)+mass_flux_z(j  ,k-1,l+1))",672001008,713600000,170000255,140000210,180000270,23000345,0,0,180000270,0,1070001605,0,0,10000015,1820002730,1480002220,500015,0,1000420,0,1500045,0,1340004020,50000075,0,3500105,85315255945,0,0,25780038670,0,0,0,336,223,17,0,14,18,0,23,0,0,18,0,107,0,0,1,182,148,1,0,4,0,3,0,268,5,0,1,268,0,0,107,0,0,0
349,          ENDDO,,,,,,,,,,,,,,,,,,,,,,,,,,,,,,,,,,,,,,,,,,,,,,,,,,,,,,,,,,,,,,,,,,,,
350,        ENDDO,,,,,,,,,,,,,,,,,,,,,,,,,,,,,,,,,,,,,,,,,,,,,,,,,,,,,,,,,,,,,,,,,,,,
351,      ENDDO,,,,,,,,,,,,,,,,,,,,,,,,,,,,,,,,,,,,,,,,,,,,,,,,,,,,,,,,,,,,,,,,,,,,
352,!$OMP END DO,,,,,,,,,,,,,,,,,,,,,,,,,,,,,,,,,,,,,,,,,,,,,,,,,,,,,,,,,,,,,,,,,,,,
353,!$OMP DO,,,,,,,,,,,,,,,,,,,,,,,,,,,,,,,,,,,,,,,,,,,,,,,,,,,,,,,,,,,,,,,,,,,,
354,"      DO l=z_min-1,z_max+2",12000018,0,0,10000015,0,0,0,0,0,0,0,500015,0,0,0,0,0,250105,250105,0,0,0,0,0,0,0,0,0,2250945,0,3500105,0,0,6,0,0,0,1,0,0,0,0,0,0,0,0,1,0,0,0,0,0,1,1,0,0,0,0,0,0,0,0,0,1,0,1,0,0
355,"        DO k=y_min,y_max+1",10000015,22400000,0,0,0,0,0,0,0,0,50000075,0,0,10000015,10000015,10000015,0,0,0,0,0,0,40000120,0,0,0,305000915,0,0,360000540,0,0,0,5,7,0,0,0,0,0,0,0,0,0,0,5,0,0,1,1,1,0,0,0,0,0,0,8,0,0,0,8,0,0,5,0,0,0
356,"          DO j=x_min,x_max+1",436000654,476800000,120000180,120000180,100000150,36000540,0,0,90000135,0,30000045,0,0,30000045,540000810,540000810,0,0,0,0,0,0,15000045,10000015,0,0,135000405,0,0,200000300,0,0,0,218,149,12,0,12,10,0,36,0,0,9,0,3,0,0,3,54,54,0,0,0,0,0,0,3,1,0,0,3,0,0,3,0,0,0
357,"            node_mass_post(j,k,l)=0.125_8*(density1(j  ,k-1,l  )*post_vol(j  ,k-1,l  )                     &",3532005298,3395200000,1740002610,1570002355,1820002730,115001725,0,0,2200003300,1000030,6000009000,500015,0,10000015,5920008880,4740007110,0,500210,1750735,0,1500045,0,5315015945,100000150,337005055,0,94895284685,0,3501470,86630129945,11500345,6500195,0,1766,1061,174,0,157,182,0,115,0,0,220,2,600,1,0,1,592,474,0,2,7,0,3,0,1063,10,337,0,1063,0,2,600,1,2,0
358,"                                          +density1(j  ,k  ,l  )*post_vol(j  ,k  ,l  )                     &",7078010617,6838400000,5340008010,5550008325,5150007725,115001725,0,0,5920008880,1500045,340000510,11500345,0,50000075,3340005010,2190003285,3000090,3501470,1000420,2750165,500015,3500210,530001590,50000075,0,29500885,19205057615,24251455,34014280,6450009675,93502805,12000360,28501710,3539,2137,534,0,555,515,0,115,0,0,592,3,34,23,0,5,334,219,6,14,4,11,1,14,106,5,0,6,106,11,14,34,23,3,14
359,"                                          +density1(j-1,k-1,l  )*post_vol(j-1,k-1,l  )                     &",828001242,752000000,190000285,200000300,210000315,38000570,0,0,210000315,0,1210001815,0,0,0,2010003015,1290001935,0,0,500210,0,0,0,965002895,80000120,0,0,9615028845,0,0,12020018030,0,0,0,414,235,19,0,20,21,0,38,0,0,21,0,121,0,0,0,201,129,0,0,2,0,0,0,193,8,0,0,193,0,0,121,0,0,0
360,"                                          +density1(j-1,k  ,l  )*post_vol(j-1,k  ,l  )                     &",506000759,563200000,100000150,40000060,100000150,24000360,0,0,90000135,0,1100001650,0,0,10000015,1570002355,1280001920,0,0,1000420,0,500015,0,735002205,10000015,0,0,7610022830,0,0,24680037020,0,0,0,253,176,10,0,4,10,0,24,0,0,9,0,110,0,0,1,157,128,0,0,4,0,1,0,147,1,0,0,147,0,0,110,0,0,0
361,"                                          +density1(j  ,k-1,l-1)*post_vol(j  ,k-1,l-1)                     &",710001065,688000000,110000165,110000165,140000210,30000450,0,0,110000165,0,470000705,500015,0,20000030,2550003825,1910002865,0,500210,2250945,0,500015,0,465001395,10000015,0,0,9515028545,0,69529190,3790005685,3500105,0,0,355,215,11,0,11,14,0,30,0,0,11,0,47,1,0,2,255,191,0,2,9,0,1,0,93,1,0,0,93,0,2,47,1,0,0
362,"                                          +density1(j  ,k  ,l-1)*post_vol(j  ,k  ,l-1)                     &",1414002121,1350400000,860001290,950001425,820001230,35000525,0,0,960001440,500015,450000675,8500255,0,40000060,2030003045,1340002010,1500045,3751575,1000420,3500210,0,1000060,475001425,10000015,0,16000480,6325018975,74254455,73280765,10660015990,1212036360,3500105,7500450,707,422,86,0,95,82,0,35,0,0,96,1,45,17,0,4,203,134,3,15,4,14,0,4,95,1,0,3,95,14,15,45,17,1,4
363,"                                          +density1(j-1,k-1,l-1)*post_vol(j-1,k-1,l-1)                     &",716001074,585600000,50000075,110000165,100000150,53000795,0,0,70000105,0,540000810,0,0,30000045,2300003450,1730002595,0,0,250105,0,0,0,380001140,0,0,0,13430040290,0,0,4700007050,0,0,0,358,183,5,0,11,10,0,53,0,0,7,0,54,0,0,3,230,173,0,0,1,0,0,0,76,0,0,0,76,0,0,54,0,0,0
364,"                                          +density1(j-1,k  ,l-1)*post_vol(j-1,k  ,l-1))",780001170,809600000,90000135,160000240,150000225,40000600,0,0,210000315,0,490000735,0,0,10000015,2910004365,2580003870,0,0,500210,0,0,0,440001320,30000045,0,0,3610010830,0,0,11510017265,0,0,0,390,253,9,0,16,15,0,40,0,0,21,0,49,0,0,1,291,258,0,0,2,0,0,0,88,3,0,0,88,0,0,49,0,0,0
365,          ENDDO,,,,,,,,,,,,,,,,,,,,,,,,,,,,,,,,,,,,,,,,,,,,,,,,,,,,,,,,,,,,,,,,,,,,
366,        ENDDO,,,,,,,,,,,,,,,,,,,,,,,,,,,,,,,,,,,,,,,,,,,,,,,,,,,,,,,,,,,,,,,,,,,,
367,      ENDDO,,,,,,,,,,,,,,,,,,,,,,,,,,,,,,,,,,,,,,,,,,,,,,,,,,,,,,,,,,,,,,,,,,,,
368,!$OMP END DO,,,,,,,,,,,,,,,,,,,,,,,,,,,,,,,,,,,,,,,,,,,,,,,,,,,,,,,,,,,,,,,,,,,,
369,!$OMP DO,,,,,,,,,,,,,,,,,,,,,,,,,,,,,,,,,,,,,,,,,,,,,,,,,,,,,,,,,,,,,,,,,,,,
370,"      DO l=z_min-1,z_max+2",2000003,6400000,0,0,10000015,0,0,0,0,0,0,0,0,0,0,0,0,0,0,0,0,0,0,0,0,0,0,0,0,0,0,0,0,1,2,0,0,0,1,0,0,0,0,0,0,0,0,0,0,0,0,0,0,0,0,0,0,0,0,0,0,0,0,0,0,0,0,0
371,"        DO k=y_min,y_max+1",16000024,12800000,10000015,0,0,0,0,0,0,0,20000030,0,0,0,20000030,0,0,250105,250105,0,0,0,0,0,0,0,0,0,9253885,5260007890,0,0,0,8,4,1,0,0,0,0,0,0,0,0,0,2,0,0,0,2,0,0,1,1,0,0,0,0,0,0,0,0,0,1,2,0,0,0
372,"          DO j=x_min,x_max+1",118000177,73600000,60000090,90000135,60000090,3000045,0,0,90000135,0,0,0,0,20000030,90000135,40000060,0,0,750315,0,500015,0,10000030,10000015,0,0,70000210,0,0,0,0,0,0,59,23,6,0,9,6,0,3,0,0,9,0,0,0,0,2,9,4,0,0,3,0,1,0,2,1,0,0,2,0,0,0,0,0,0
373,            ! Staggered cell mass pre advection,,,,,,,,,,,,,,,,,,,,,,,,,,,,,,,,,,,,,,,,,,,,,,,,,,,,,,,,,,,,,,,,,,,,
374,"            node_mass_pre(j,k,l)=node_mass_post(j,k,l)-node_flux(j,k,l-1)+node_flux(j,k,l)",13982020973,13430400000,10970016455,11230016845,11070016605,377005655,0,0,13040019560,57501725,580000870,159004770,0,80000120,3970005955,2700004050,40501215,97040740,46019320,47252835,39501185,44252655,1430004290,290000435,349005235,5578167340,338171014510,8568014050,18736866180,82040123060,30323409675,15610468300,11023411365,6991,4197,1097,0,1123,1107,0,377,0,0,1304,115,58,318,0,8,397,270,81,388,184,189,79,177,286,29,349,81,286,188,388,58,318,114,177
375,          ENDDO,,,,,,,,,,,,,,,,,,,,,,,,,,,,,,,,,,,,,,,,,,,,,,,,,,,,,,,,,,,,,,,,,,,,
376,        ENDDO,,,,,,,,,,,,,,,,,,,,,,,,,,,,,,,,,,,,,,,,,,,,,,,,,,,,,,,,,,,,,,,,,,,,
377,      ENDDO,,,,,,,,,,,,,,,,,,,,,,,,,,,,,,,,,,,,,,,,,,,,,,,,,,,,,,,,,,,,,,,,,,,,
378,!$OMP END DO,,,,,,,,,,,,,,,,,,,,,,,,,,,,,,,,,,,,,,,,,,,,,,,,,,,,,,,,,,,,,,,,,,,,
379,    ENDIF,,,,,,,,,,,,,,,,,,,,,,,,,,,,,,,,,,,,,,,,,,,,,,,,,,,,,,,,,,,,,,,,,,,,
380,"!$OMP DO PRIVATE(upwind,donor,downwind,dif,sigma,width,limiter,vdiffuw,vdiffdw,auw,adw,wind)",0,3200000,0,0,0,0,0,0,0,0,0,0,0,0,0,0,0,0,0,0,0,0,0,0,0,0,0,0,0,0,0,0,0,0,1,0,0,0,0,0,0,0,0,0,0,0,0,0,0,0,0,0,0,0,0,0,0,0,0,0,0,0,0,0,0,0,0,0
381,"    DO l=z_min-1,z_max+1",10000015,6400000,0,0,10000015,0,0,0,0,0,0,500015,0,0,0,0,0,0,0,0,0,0,0,0,0,0,0,0,0,0,3000090,0,0,5,2,0,0,0,1,0,0,0,0,0,0,0,1,0,0,0,0,0,0,0,0,0,0,0,0,0,0,0,0,0,0,1,0,0
382,"      DO k=y_min,y_max+1",20000030,16000000,0,30000045,0,0,0,0,0,0,10000015,0,0,10000015,40000060,10000015,0,250105,0,250015,0,0,15000045,0,0,0,95000285,1750105,1750735,70000105,0,0,0,10,5,0,0,3,0,0,0,0,0,0,0,1,0,0,1,4,1,0,1,0,1,0,0,3,0,0,0,3,1,1,1,0,0,0
383,"        DO j=x_min,x_max+1",1940002910,1840000000,100000150,330000495,240000360,47000705,0,0,260000390,0,230000345,4000120,0,140000210,4070006105,3940005910,3500105,1000420,0,750045,500015,0,175000525,30000045,0,23500705,1450004350,5250315,6752835,1610002415,27000810,0,0,970,575,10,0,33,24,0,47,0,0,26,0,23,8,0,14,407,394,7,4,0,3,1,0,35,3,0,7,35,3,4,23,8,0,0
384,"          IF(node_flux(j,k,l).LT.0.0)THEN",4036006054,3910400000,1910002865,2190003285,2020003030,100001500,0,0,2120003180,0,10970016455,9500285,0,50000075,4810007215,4260006390,6000180,5002100,1750735,500030,500015,500030,10200030600,30000045,12000180,48001440,98675296025,3500210,34264385,86400129600,73502205,0,3500210,2018,1222,191,0,219,202,0,100,0,0,212,0,1097,19,0,5,481,426,12,20,7,2,1,2,2040,3,12,12,2040,2,20,1097,19,0,2
385,            upwind=l+2,14000021,22400000,10000015,20000030,0,1000015,0,0,0,0,0,0,0,0,10000015,10000015,0,0,0,0,0,0,0,0,0,0,0,0,0,0,0,0,0,7,7,1,0,2,0,0,1,0,0,0,0,0,0,0,0,1,1,0,0,0,0,0,0,0,0,0,0,0,0,0,0,0,0,0
386,            donor=l+1,104000156,44800000,10000015,0,10000015,3000045,0,0,0,0,0,0,0,0,20000030,0,0,0,0,0,0,0,0,0,0,0,0,0,0,0,0,0,0,52,14,1,0,0,1,0,3,0,0,0,0,0,0,0,0,2,0,0,0,0,0,0,0,0,0,0,0,0,0,0,0,0,0,0
387,            downwind=l,514000771,467200000,10000015,20000030,30000045,16000240,0,0,60000090,0,0,0,0,0,1160001740,1130001695,0,0,0,0,0,0,0,0,0,0,0,0,0,0,0,0,0,257,146,1,0,2,3,0,16,0,0,6,0,0,0,0,0,116,113,0,0,0,0,0,0,0,0,0,0,0,0,0,0,0,0,0
388,            dif=donor,22000033,22400000,0,0,0,0,0,0,0,0,170000255,0,0,20000030,20000030,20000030,0,0,0,0,0,0,120000360,0,0,0,860002580,0,0,1170001755,0,0,0,11,7,0,0,0,0,0,0,0,0,0,0,17,0,0,2,2,2,0,0,0,0,0,0,24,0,0,0,24,0,0,17,0,0,0
389,          ELSE,,,,,,,,,,,,,,,,,,,,,,,,,,,,,,,,,,,,,,,,,,,,,,,,,,,,,,,,,,,,,,,,,,,,
390,            upwind=l-1,216000324,211200000,30000045,30000045,40000060,15000225,0,0,30000045,0,450000675,0,0,20000030,420000630,440000660,0,0,1000420,0,500015,0,280000840,10000015,1000015,0,2500007500,0,0,3150004725,0,0,0,108,66,3,0,3,4,0,15,0,0,3,0,45,0,0,2,42,44,0,0,4,0,1,0,56,1,1,0,56,0,0,45,0,0,0
391,            donor=l,22000033,6400000,10000015,0,20000030,0,0,0,0,0,0,0,0,0,0,10000015,0,0,0,0,0,0,0,10000015,0,0,0,0,0,0,0,0,0,11,2,1,0,0,2,0,0,0,0,0,0,0,0,0,0,0,1,0,0,0,0,0,0,0,1,0,0,0,0,0,0,0,0,0
392,            downwind=l+1,1040001560,1097600000,0,70000105,40000060,29000435,0,0,80000120,0,0,0,0,0,3000004500,2420003630,0,0,500210,0,0,0,0,0,0,0,0,0,0,0,0,0,0,520,343,0,0,7,4,0,29,0,0,8,0,0,0,0,0,300,242,0,0,2,0,0,0,0,0,0,0,0,0,0,0,0,0,0
393,            dif=upwind,4000006,3200000,0,0,0,0,0,0,0,0,1020001530,0,0,0,0,0,0,0,0,0,0,0,990002970,0,0,0,8195024585,0,0,14040021060,0,0,0,2,1,0,0,0,0,0,0,0,0,0,0,102,0,0,0,0,0,0,0,0,0,0,0,198,0,0,0,198,0,0,102,0,0,0
394,          ENDIF,,,,,,,,,,,,,,,,,,,,,,,,,,,,,,,,,,,,,,,,,,,,,,,,,,,,,,,,,,,,,,,,,,,,
395,,,,,,,,,,,,,,,,,,,,,,,,,,,,,,,,,,,,,,,,,,,,,,,,,,,,,,,,,,,,,,,,,,,,,
396,"          sigma=ABS(node_flux(j,k,l))/(node_mass_pre(j,k,donor))",4552006828,4534400000,1750002625,2220003330,1940002910,168002520,0,0,2130003195,8500255,3470005205,58501755,0,20000030,5900008850,4810007215,30500915,11754935,0,9250555,0,7500450,3175009525,30000045,0,216506495,32195096585,93505610,133305965,63030094545,1314039420,238507155,51503090,2276,1417,175,0,222,194,0,168,0,0,213,17,347,117,0,2,590,481,61,47,0,37,0,30,635,3,0,61,635,37,47,347,117,17,30
397,          width=celldz(l),2000003,6400000,0,0,0,0,0,0,0,0,0,500015,0,0,0,0,0,0,0,0,0,0,0,0,0,0,0,0,0,0,3500105,0,0,1,2,0,0,0,0,0,0,0,0,0,0,0,1,0,0,0,0,0,0,0,0,0,0,0,0,0,0,0,0,0,0,1,0,0
398,"          vdiffuw=vel1(j,k,donor)-vel1(j,k,upwind)",11712017568,11139200000,6070009105,6740010110,6080009120,274004110,0,0,6970010455,6000180,970001455,30000900,0,250000375,11010016515,9450014175,19500585,9503990,2250945,10000600,2000060,3250195,860002580,70000105,0,137504125,8415025245,80504830,67528350,6680010020,343510305,41001230,22751365,5856,3481,607,0,674,608,0,274,0,0,697,12,97,60,0,25,1101,945,39,38,9,40,4,13,172,7,0,39,171,40,38,97,60,12,13
399,"          vdiffdw=vel1(j,k,downwind)-vel1(j,k,donor)",884001326,790400000,40000060,140000210,40000060,32000480,0,0,140000210,500015,20000030,10000300,0,30000045,1570002355,1510002265,5500165,1750735,250105,2750165,0,1750105,50000150,50000075,0,38501155,380001140,343020580,11754935,130000195,69002070,11500345,20251215,442,247,4,0,14,4,0,32,0,0,14,1,2,20,0,3,157,151,11,7,1,11,0,7,10,5,0,11,10,11,7,2,20,1,7
400,          limiter=0.0,478000717,393600000,0,50000075,20000030,25000375,0,0,60000090,0,10000015,0,0,0,1070001605,1020001530,0,0,0,0,500015,0,0,0,0,0,0,0,0,60000090,0,0,0,239,123,0,0,5,2,0,25,0,0,6,0,1,0,0,0,107,102,0,0,0,0,1,0,0,0,0,0,0,0,0,1,0,0,0
401,          IF(vdiffuw*vdiffdw.GT.0.0)THEN,4300006450,4128000000,1980002970,2390003585,2280003420,115001725,0,0,2600003900,500015,0,0,0,20000030,1590002385,1400002100,0,0,0,0,1000030,0,0,30000045,0,0,0,0,0,0,0,0,0,2150,1290,198,0,239,228,0,115,0,0,260,1,0,0,0,2,159,140,0,0,0,0,2,0,0,3,0,0,0,0,0,0,0,0,0
402,            auw=ABS(vdiffuw),932001398,876800000,0,90000135,50000075,27000405,0,0,40000060,0,10000015,0,0,10000015,2470003705,2020003030,0,0,0,0,500015,0,15000045,0,0,0,105000315,0,0,70000105,0,0,0,466,274,0,0,9,5,0,27,0,0,4,0,1,0,0,1,247,202,0,0,0,0,1,0,3,0,0,0,3,0,0,1,0,0,0
403,            adw=ABS(vdiffdw),564000846,614400000,10000015,100000150,10000015,34000510,0,0,50000075,0,1210001815,0,0,20000030,1110001665,980001470,0,0,0,0,0,0,955002865,0,0,0,11135033405,0,0,8530012795,0,0,0,282,192,1,0,10,1,0,34,0,0,5,0,121,0,0,2,111,98,0,0,0,0,0,0,191,0,0,0,191,0,0,121,0,0,0
404,            wind=1.0_8,,,,,,,,,,,,,,,,,,,,,,,,,,,,,,,,,,,,,,,,,,,,,,,,,,,,,,,,,,,,,,,,,,,,
405,            IF(vdiffdw.LE.0.0) wind=-1.0_8,,,,,,,,,,,,,,,,,,,,,,,,,,,,,,,,,,,,,,,,,,,,,,,,,,,,,,,,,,,,,,,,,,,,
406,"            limiter=wind*MIN(width*((2.0_8-sigma)*adw/width+(1.0_8+sigma)*auw/celldz(dif))/6.0_8,auw,adw)",17730026595,17020800000,360000540,1410002115,750001125,615009225,0,0,780001170,0,3850005775,0,0,300000450,17170025755,15550023325,0,250105,8003360,0,8500255,0,3455010365,190000285,0,0,26210078630,0,1750735,41110061665,0,0,0,8865,5319,36,0,141,75,0,615,0,0,78,0,385,0,0,30,1717,1555,0,1,32,0,17,0,691,19,0,0,691,0,1,385,0,0,0
407,          ENDIF,,,,,,,,,,,,,,,,,,,,,,,,,,,,,,,,,,,,,,,,,,,,,,,,,,,,,,,,,,,,,,,,,,,,
408,"          advec_vel_s=vel1(j,k,donor)+(1.0_8-sigma)*limiter",9696014544,8784000000,190000285,1890002835,780001170,272004080,0,0,1020001530,0,0,500015,0,90000135,31810047715,27820041730,500015,0,2250945,0,1000030,0,0,690001035,3000045,0,0,0,0,0,0,0,0,4848,2745,19,0,189,78,0,272,0,0,102,0,0,1,0,9,3181,2782,1,0,9,0,2,0,0,69,3,0,0,0,0,0,0,0,0
409,"          mom_flux(j,k,l)=advec_vel_s*node_flux(j,k,l)",7676011514,7452800000,150000225,1060001590,390000585,189002835,0,0,830001245,0,0,0,0,60000090,25330037995,23380035070,500015,250105,3251365,0,1000030,0,0,600000900,1971029565,0,0,0,0,0,0,0,0,3838,2329,15,0,106,39,0,189,0,0,83,0,0,0,0,6,2533,2338,1,1,13,0,2,0,0,60,1971,0,0,0,0,0,0,0,0
410,        ENDDO,,,,,,,,,,,,,,,,,,,,,,,,,,,,,,,,,,,,,,,,,,,,,,,,,,,,,,,,,,,,,,,,,,,,
411,      ENDDO,,,,,,,,,,,,,,,,,,,,,,,,,,,,,,,,,,,,,,,,,,,,,,,,,,,,,,,,,,,,,,,,,,,,
412,    ENDDO,,,,,,,,,,,,,,,,,,,,,,,,,,,,,,,,,,,,,,,,,,,,,,,,,,,,,,,,,,,,,,,,,,,,
413,!$OMP END DO,,,,,,,,,,,,,,,,,,,,,,,,,,,,,,,,,,,,,,,,,,,,,,,,,,,,,,,,,,,,,,,,,,,,
414, ,,,,,,,,,,,,,,,,,,,,,,,,,,,,,,,,,,,,,,,,,,,,,,,,,,,,,,,,,,,,,,,,,,,,
415,!$OMP DO,,,,,,,,,,,,,,,,,,,,,,,,,,,,,,,,,,,,,,,,,,,,,,,,,,,,,,,,,,,,,,,,,,,,
416,"    DO l=z_min,z_max+1",0,6400000,10000015,10000015,0,0,0,0,0,0,0,0,0,0,0,0,0,0,0,0,0,0,0,0,0,0,0,0,0,0,0,0,0,0,2,1,0,1,0,0,0,0,0,0,0,0,0,0,0,0,0,0,0,0,0,0,0,0,0,0,0,0,0,0,0,0,0,0
417,"      DO k=y_min,y_max+1",38000057,12800000,20000030,20000030,10000015,0,0,0,20000030,0,100000150,0,0,0,20000030,20000030,0,0,250105,250015,0,0,20000060,0,0,0,575001725,203262195,0,3220004830,0,0,0,19,4,2,0,2,1,0,0,0,0,2,0,10,0,0,0,2,2,0,0,1,1,0,0,4,0,0,0,4,1,0,10,0,0,0
418,"        DO j=x_min,x_max+1",304000456,329600000,180000270,130000195,190000285,16000240,0,0,120000180,0,100000150,0,0,0,200000300,150000225,0,0,250105,0,500015,0,5000015,0,0,0,35000105,0,0,30120045180,0,0,0,152,103,18,0,13,19,0,16,0,0,12,0,10,0,0,0,20,15,0,0,1,0,1,0,1,0,0,0,1,0,0,10,0,0,0
419,"          vel1 (j,k,l)=(vel1(j,k,l)*node_mass_pre(j,k,l)+mom_flux(j,k,l-1)-mom_flux(j,k,l))/node_mass_post(j,k,l)",53076079614,50854400000,42770064155,43930065895,43160064740,1458021870,0,0,44490066735,126003780,4730007095,299008970,0,430000645,17550026325,11940017910,116503495,201834735,65277405,65503930,107503225,105756345,6870020610,960001440,929013935,11684350520,905992717970,6221623275,28971662990,544840817260,41539746155,19016570480,18871632230,26538,15892,4277,0,4393,4316,0,1458,0,0,4449,252,473,598,0,43,1755,1194,233,807,261,262,215,423,1374,96,929,233,1374,262,807,473,598,252,423
420,        ENDDO,,,,,,,,,,,,,,,,,,,,,,,,,,,,,,,,,,,,,,,,,,,,,,,,,,,,,,,,,,,,,,,,,,,,
421,      ENDDO,,,,,,,,,,,,,,,,,,,,,,,,,,,,,,,,,,,,,,,,,,,,,,,,,,,,,,,,,,,,,,,,,,,,
422,    ENDDO,,,,,,,,,,,,,,,,,,,,,,,,,,,,,,,,,,,,,,,,,,,,,,,,,,,,,,,,,,,,,,,,,,,,
423,!$OMP END DO,,,,,,,,,,,,,,,,,,,,,,,,,,,,,,,,,,,,,,,,,,,,,,,,,,,,,,,,,,,,,,,,,,,,
424,  ENDIF,,,,,,,,,,,,,,,,,,,,,,,,,,,,,,,,,,,,,,,,,,,,,,,,,,,,,,,,,,,,,,,,,,,,
425,,,,,,,,,,,,,,,,,,,,,,,,,,,,,,,,,,,,,,,,,,,,,,,,,,,,,,,,,,,,,,,,,,,,,
426,!$OMP END PARALLEL,,,,,,,,,,,,,,,,,,,,,,,,,,,,,,,,,,,,,,,,,,,,,,,,,,,,,,,,,,,,,,,,,,,,
427,,,,,,,,,,,,,,,,,,,,,,,,,,,,,,,,,,,,,,,,,,,,,,,,,,,,,,,,,,,,,,,,,,,,,
428,END SUBROUTINE advec_mom_kernel,,,,,,,,,,,,,,,,,,,,,,,,,,,,,,,,,,,,,,,,,,,,,,,,,,,,,,,,,,,,,,,,,,,,
429,,,,,,,,,,,,,,,,,,,,,,,,,,,,,,,,,,,,,,,,,,,,,,,,,,,,,,,,,,,,,,,,,,,,,
430,END MODULE advec_mom_kernel_mod,,,,,,,,,,,,,,,,,,,,,,,,,,,,,,,,,,,,,,,,,,,,,,,,,,,,,,,,,,,,,,,,,,,,
